iteration,episode,sim_steps,score_mean,score_std,distance_moyenne,eval_score_mean,eval_distance_moyenne,pg_loss,v_loss,entropie,approx_kl,clipfrac,std_moyen,elapsed_s
0,0,6000000,37.955196380615234,17.758193969726562,38.20466613769531,28.459768295288086,28.55352210998535,-0.013015625067055225,64.31255340576172,-1.3359684944152832,0.007189246825873852,0.07211916741216555,0.1999260357448033,7.92
1,1,12000000,43.971717834472656,17.095359802246094,44.22140121459961,,,-0.01070596743375063,73.24486541748047,-1.3358008861541748,0.007473476231098175,0.05434666714008927,0.1999338013785226,12.63
2,2,18000000,50.6683464050293,17.719446182250977,50.91921615600586,,,-0.01198330707848072,89.49210357666016,-1.3432828187942505,0.007506753783673048,0.06208666731345147,0.19972573007856095,16.2
3,3,24000000,56.71675109863281,17.22709846496582,56.968605041503906,,,-0.01196241844445467,102.86782836914062,-1.3621193170547485,0.0074058533646166325,0.06452250118745724,0.1991891860961914,19.83
4,4,30000000,63.62704086303711,18.184968948364258,63.87995147705078,,,-0.010746198706328869,122.45233154296875,-1.3672778606414795,0.0066706170327961445,0.06670166713420259,0.1990389313016619,23.91
5,5,36000000,68.66864013671875,17.45229148864746,68.923583984375,77.09384155273438,77.20668029785156,-0.010264180600643158,139.5536651611328,-1.3792628049850464,0.0075399912893772125,0.06268833412368621,0.19870213099888392,31.28
6,6,42000000,75.31607055664062,18.663427352905273,75.57317352294922,,,-0.011429059319198132,158.62193298339844,-1.4014885425567627,0.007126455195248127,0.060055834241211414,0.19807120731898717,34.88
7,7,48000000,80.00487518310547,18.839353561401367,80.26370239257812,,,-0.011080943048000336,175.13047790527344,-1.420776605606079,0.00682706106454134,0.06001000016058242,0.19753154686519078,39.73
8,8,54000000,85.51356506347656,19.55095863342285,85.77434539794922,,,-0.00966220535337925,195.06092834472656,-1.4358175992965698,0.006443310063332319,0.058705000909685626,0.19710164410727365,43.36
9,9,60000000,89.95796966552734,19.836868286132812,90.2216567993164,,,-0.010205562226474285,211.32969665527344,-1.4555529356002808,0.006497524678707123,0.05659833383097066,0.19654720170157297,47.23
10,10,66000000,94.76837921142578,20.756240844726562,95.03372192382812,103.6532211303711,103.79928588867188,-0.010325970128178596,231.87106323242188,-1.4733574390411377,0.006171762943267822,0.05376750054392687,0.1960491112300328,55.19
11,11,72000000,98.43303680419922,21.51301383972168,98.7010498046875,,,-0.010444062761962414,247.16104125976562,-1.4940968751907349,0.006045356392860413,0.04944750068143548,0.19547489711216517,58.87
12,12,78000000,103.99324035644531,22.389719009399414,104.26385498046875,,,-0.009723340161144733,272.61968994140625,-1.5189255475997925,0.005845334846526384,0.05079666708352306,0.19478983538491385,62.52
13,13,84000000,106.49701690673828,22.63184356689453,106.76958465576172,,,-0.009322544559836388,279.4295959472656,-1.5400093793869019,0.0062478892505168915,0.04808166733564576,0.19421638761247909,67.18
14,14,90000000,110.08169555664062,23.455982208251953,110.35591125488281,,,-0.00935125257819891,299.0141296386719,-1.5620677471160889,0.005719239357858896,0.05449250072506402,0.19360668318612234,70.8
15,15,96000000,113.96894073486328,24.588048934936523,114.24565124511719,127.4317855834961,127.60205078125,-0.008230991661548615,314.59979248046875,-1.5856858491897583,0.007530572824180126,0.0681675007852391,0.1929492950439453,77.71
16,16,102000000,117.36865997314453,26.119958877563477,117.64793395996094,,,-0.009814096614718437,337.1192626953125,-1.6151721477508545,0.005568583030253649,0.05171166717018423,0.1921518189566476,82.23
17,17,108000000,120.8313980102539,26.4979305267334,121.11371612548828,,,-0.007663888856768608,357.1050109863281,-1.6407291889190674,0.004864896647632122,0.04739166749641299,0.19145796980176652,85.83
18,18,114000000,123.41155242919922,27.329313278198242,123.697021484375,,,-0.008792777545750141,368.77581787109375,-1.6670604944229126,0.0056722117587924,0.05344166751201555,0.19074649470193045,89.45
19,19,120000000,127.78057861328125,28.446704864501953,128.0681610107422,,,-0.00961687695235014,390.7496643066406,-1.686622977256775,0.005395000800490379,0.04499333389721869,0.19022463049207414,93.95
20,20,126000000,132.56716918945312,29.63422393798828,132.85775756835938,150.0330047607422,150.22915649414062,-0.010149743407964706,422.0042419433594,-1.7153335809707642,0.0056879231706261635,0.06656000079237856,0.1894709382738386,100.86
21,21,132000000,135.5055694580078,29.836322784423828,135.7986602783203,,,-0.008058526553213596,427.3485107421875,-1.740695834159851,0.005855544935911894,0.052216667436186984,0.18880159514290945,104.49
22,22,138000000,139.43545532226562,30.882619857788086,139.73049926757812,,,-0.006719146855175495,456.9693603515625,-1.7682247161865234,0.007846372202038765,0.062392500482383186,0.1880770070212228,109.2
23,23,144000000,144.71554565429688,31.333660125732422,145.0138702392578,,,-0.008272474631667137,493.3603515625,-1.7893270254135132,0.005337724462151527,0.0464391673431237,0.18753121580396379,112.82
24,24,150000000,148.6123809814453,32.5601921081543,148.9125213623047,,,-0.00723058357834816,509.5867614746094,-1.8064767122268677,0.006566633004695177,0.06048000084629166,0.18708946023668563,116.41
25,25,156000000,153.05870056152344,32.85578918457031,153.36257934570312,173.63682556152344,173.8620147705078,-0.008130069822072983,542.6073608398438,-1.8352144956588745,0.006529246456921101,0.05632666725614399,0.1863417625427246,124.61
26,26,162000000,156.9200439453125,33.61111831665039,157.22756958007812,,,-0.007057308219373226,574.8580322265625,-1.8681926727294922,0.007661453913897276,0.04976333379390781,0.18548638480050222,128.55
27,27,168000000,161.78738403320312,34.57143020629883,162.0977020263672,,,-0.006292217876762152,601.6406860351562,-1.9015988111495972,0.008543056435883045,0.06692916798201623,0.18462777137756348,132.58
28,28,174000000,166.71128845214844,35.571083068847656,167.02601623535156,,,-0.008270073682069778,626.3295288085938,-1.944463849067688,0.005095649976283312,0.06053000068586698,0.18350999695914133,137.35
29,29,180000000,169.8810577392578,36.42302703857422,170.19793701171875,,,-0.008143835701048374,660.2142944335938,-1.9756057262420654,0.00547656137496233,0.0772966676937358,0.18271745954241073,141.25
30,30,186000000,175.2185516357422,36.668033599853516,175.5376739501953,197.06947326660156,197.31922912597656,-0.007071737665683031,696.1517333984375,-1.99027419090271,0.006221407558768988,0.05845833398889226,0.18236807414463588,149.63
31,31,192000000,177.55972290039062,37.841827392578125,177.8820343017578,,,-0.008254680782556534,707.65478515625,-2.017171621322632,0.005170046351850033,0.10465416771621676,0.18169314520699636,153.62
32,32,198000000,183.3872528076172,36.65947723388672,183.71310424804688,,,-0.005819876678287983,760.4896240234375,-2.057375907897949,0.007872291840612888,0.09164166734699393,0.18069192341395787,157.39
33,33,204000000,188.302490234375,37.24298858642578,188.63197326660156,,,-0.007904312573373318,791.4617309570312,-2.0827598571777344,0.0051603601314127445,0.06522250076086493,0.1800593818937029,161.66
34,34,210000000,191.0638427734375,39.02223205566406,191.3961639404297,,,-0.005207395646721125,825.0821533203125,-2.1207141876220703,0.004834302701056004,0.06985250087236636,0.1790926797049386,165.91
35,35,216000000,195.2054901123047,38.759117126464844,195.53848266601562,223.55935668945312,223.83009338378906,-0.007444897200912237,861.1465454101562,-2.156172752380371,0.0059125847183167934,0.06610250034063939,0.17820748261043004,172.81
36,36,222000000,199.7686767578125,39.85988998413086,200.1045379638672,,,-0.00808155257254839,898.8121337890625,-2.201364517211914,0.005722468253225088,0.06036583422974218,0.17707601615360805,177.6
37,37,228000000,204.9247589111328,40.036399841308594,205.2638702392578,,,-0.005139780696481466,935.9326782226562,-2.229396343231201,0.006824505515396595,0.08080000065529021,0.17638686725071498,181.31
38,38,234000000,207.4879608154297,40.10512924194336,207.8285369873047,,,-0.0074686650186777115,960.4422607421875,-2.270761489868164,0.005948567762970924,0.04853000062321371,0.17539046491895402,184.93
39,39,240000000,209.95497131347656,41.558189392089844,210.29745483398438,,,-0.007925293408334255,985.4943237304688,-2.3161489963531494,0.009522351436316967,0.05252416743605863,0.17429661750793457,189.24
40,40,246000000,217.84059143066406,40.55466079711914,218.1884765625,248.72813415527344,249.01695251464844,-0.007750923745334148,1052.588134765625,-2.3483126163482666,0.0059342216700315475,0.07168083409869723,0.17355057171412877,196.69
41,41,252000000,220.30130004882812,41.989707946777344,220.65280151367188,,,-0.006468329578638077,1078.3245849609375,-2.3712027072906494,0.00807276088744402,0.07222666722709618,0.1730194432394845,200.3
42,42,258000000,226.92262268066406,41.08620071411133,227.27963256835938,,,-0.004546164069324732,1132.38671875,-2.4091203212738037,0.008572513237595558,0.05879916735839288,0.1721362386431013,205.0
43,43,264000000,228.1284637451172,43.24008560180664,228.48492431640625,,,-0.0065864454954862595,1173.696533203125,-2.4467482566833496,0.00655768858268857,0.05841916760928143,0.1712487084524972,208.65
44,44,270000000,234.155517578125,42.220821380615234,234.51675415039062,,,-0.005069207400083542,1207.25146484375,-2.480863332748413,0.008610134944319725,0.10396833464710653,0.17042524474007742,212.48
45,45,276000000,236.30560302734375,42.647972106933594,236.67144775390625,270.8654479980469,271.17767333984375,-0.0020782456267625093,1234.5616455078125,-2.502495527267456,0.008326534181833267,0.08482500105164945,0.1699531078338623,220.56
46,46,282000000,242.75930786132812,41.76201248168945,243.1273651123047,,,-0.005679976660758257,1290.56005859375,-2.5392818450927734,0.00544282840564847,0.1791816685232334,0.16909551620483398,224.19
47,47,288000000,243.43011474609375,42.57756042480469,243.79800415039062,,,-0.007243464235216379,1304.4237060546875,-2.5724568367004395,0.0053972844034433365,0.05501083419267161,0.16832355090550014,227.81
48,48,294000000,246.20225524902344,43.47822952270508,246.57139587402344,,,-0.006503261160105467,1343.6080322265625,-2.593675136566162,0.006624727975577116,0.0789400009525707,0.16788383892604283,232.87
49,49,300000000,253.7340545654297,42.515411376953125,254.10867309570312,,,-0.006763622164726257,1404.7342529296875,-2.6278469562530518,0.005966555792838335,0.11501833436559536,0.16709269796098983,236.58
50,50,306000000,255.19175720214844,42.19658279418945,255.56924438476562,287.3887023925781,287.7156982421875,-0.005674415733665228,1449.44775390625,-2.665863037109375,0.007684175856411457,0.10767916769182193,0.1662548269544329,244.12
51,51,312000000,259.7488098144531,44.180625915527344,260.1286315917969,,,-0.005138105247169733,1480.1192626953125,-2.7008056640625,0.010458479635417461,0.07630833432231157,0.16545837266104563,248.84
52,52,318000000,265.3238220214844,41.8444709777832,265.7090148925781,,,-0.004443095996975899,1518.006103515625,-2.7338712215423584,0.01012963242828846,0.07301916710712249,0.1646975108555385,252.6
53,53,324000000,270.69256591796875,42.556983947753906,271.0836486816406,,,-0.004166005179286003,1595.422119140625,-2.779784917831421,0.006731453351676464,0.060915000478416914,0.16365923200334823,256.53
54,54,330000000,273.0016784667969,41.54755401611328,273.3952331542969,,,-0.008716338314116001,1611.953369140625,-2.811361074447632,0.005525618325918913,0.06622083444226519,0.16296638761247909,261.5
55,55,336000000,274.4246520996094,42.90104293823242,274.8200378417969,308.2465515136719,308.5965881347656,-0.006911079399287701,1630.2532958984375,-2.8363473415374756,0.0063573080115020275,0.13277500131371198,0.16242262295314244,268.62
56,56,342000000,280.1340026855469,44.14163589477539,280.5333251953125,,,-0.004671393893659115,1708.175537109375,-2.8647100925445557,0.009244336746633053,0.06524500072646333,0.16182477133614676,272.9
57,57,348000000,282.6932067871094,44.0458869934082,283.09381103515625,,,-0.005667779128998518,1750.5003662109375,-2.897054672241211,0.008591151796281338,0.06931916737812571,0.16114956992013113,276.89
58,58,354000000,284.9942626953125,44.77954864501953,285.3990173339844,,,-0.0075471973977983,1737.7926025390625,-2.9309351444244385,0.005540718790143728,0.05568000074854353,0.16040689604622976,280.69
59,59,360000000,289.6865539550781,44.18822479248047,290.09521484375,,,-0.004819043911993504,1781.101318359375,-2.9560046195983887,0.00807666964828968,0.08033583420183277,0.15984977994646346,284.67
60,60,366000000,291.51727294921875,46.02525329589844,291.9278869628906,324.84259033203125,325.2114562988281,-0.0058992900885641575,1843.4608154296875,-2.9954588413238525,0.005010924767702818,0.12064500199721806,0.1589728934424264,292.68
61,61,372000000,296.4616394042969,45.4682502746582,296.8743896484375,,,-0.005473246797919273,1893.9005126953125,-3.0143253803253174,0.00550616392865777,0.10345000048982911,0.1585897377559117,296.47
62,62,378000000,296.35711669921875,45.0325813293457,296.7722473144531,,,-0.004151761066168547,1867.493896484375,-3.0374932289123535,0.00760929798707366,0.10213000075891614,0.15810440267835343,301.24
63,63,384000000,303.12188720703125,44.4046516418457,303.54034423828125,,,-0.00629966426640749,1995.583251953125,-3.058490753173828,0.00541332084685564,0.16964833416277542,0.15767650944846018,304.86
64,64,390000000,303.3515625,45.17652893066406,303.7718811035156,,,-0.004541446920484304,1984.71044921875,-3.0855588912963867,0.006386058405041695,0.07407250084506814,0.15709759507860457,308.44
65,65,396000000,305.5650634765625,45.96781921386719,305.988037109375,339.1639404296875,339.5492858886719,-0.005897221155464649,2009.45654296875,-3.114544630050659,0.004496447276324034,0.12494666692555256,0.15650786672319686,316.28
66,66,402000000,309.6591491699219,45.77794647216797,310.08563232421875,,,-0.0060866097919642925,2071.462158203125,-3.132049560546875,0.0031197017524391413,0.17341416722338182,0.1561262948172433,319.88
67,67,408000000,310.68731689453125,45.484405517578125,311.1157531738281,,,-0.0073882886208593845,2074.83984375,-3.1526942253112793,0.005405574571341276,0.15222666861955075,0.15569969585963658,323.53
68,68,414000000,314.1417541503906,46.5257568359375,314.5730285644531,,,-0.005786443594843149,2131.30712890625,-3.1908769607543945,0.0065352474339306355,0.06033416721984395,0.1548560176576887,328.31
69,69,420000000,316.1969909667969,46.82544708251953,316.62994384765625,,,-0.0024814752396196127,2170.587158203125,-3.2140676975250244,0.007765183690935373,0.09905750073085073,0.15439978667667933,331.98
70,70,426000000,318.8973388671875,45.37367248535156,319.3327941894531,350.6026306152344,351.001708984375,-0.006011094432324171,2189.4677734375,-3.241758108139038,0.00640155328437686,0.10388166804186767,0.15386952672685897,339.16
71,71,432000000,322.4129943847656,45.49552917480469,322.851806640625,,,-0.006241603754460812,2223.95068359375,-3.2714734077453613,0.004494355525821447,0.08201000077315257,0.15324676036834717,343.66
72,72,438000000,324.1112060546875,47.08211898803711,324.5513000488281,,,-0.004333533812314272,2251.61767578125,-3.2877838611602783,0.0072503783740103245,0.11871250168042025,0.1529249463762556,347.59
73,73,444000000,326.9975891113281,49.38387680053711,327.4407958984375,,,0.002115922048687935,2283.552001953125,-3.328617572784424,0.014038749039173126,0.10150166783178065,0.15208894865853445,351.44
74,74,450000000,332.08245849609375,45.89097213745117,332.5285949707031,,,-0.005941213108599186,2314.364013671875,-3.3500633239746094,0.005445196758955717,0.12168166759656743,0.15164772101811,356.55
75,75,456000000,333.8931884765625,47.127593994140625,334.3419494628906,368.5125732421875,368.9264221191406,-0.005617473274469376,2408.55810546875,-3.3922770023345947,0.005587410647422075,0.11124083440699906,0.15081684929983957,363.53
76,76,462000000,335.749755859375,49.312252044677734,336.1989440917969,,,-0.004525777418166399,2378.196533203125,-3.428989887237549,0.009054431691765785,0.09789166724658571,0.15005534035818918,367.7
77,77,468000000,342.1495666503906,46.532875061035156,342.60345458984375,,,-0.0022577408235520124,2507.91845703125,-3.4486701488494873,0.007402126211673021,0.19482250264845788,0.1496763059071132,371.8
78,78,474000000,342.77777099609375,47.17681121826172,343.23321533203125,,,-0.002448593731969595,2501.269775390625,-3.4760799407958984,0.008018768392503262,0.09645250109315384,0.14916494914463588,375.81
79,79,480000000,341.43817138671875,47.49074935913086,341.8943786621094,,,-0.003958193119615316,2488.874755859375,-3.498008966445923,0.005036292131990194,0.1902558368165046,0.14874538353511266,379.56
80,80,486000000,343.34234619140625,49.14584732055664,343.80133056640625,375.2425537109375,375.6686096191406,-0.004661166109144688,2497.75,-3.528224468231201,0.005458347033709288,0.12273750173335429,0.1481313705444336,387.42
81,81,492000000,346.4664001464844,46.53306198120117,346.927490234375,,,-0.004548989702016115,2569.0,-3.5654397010803223,0.004690982401371002,0.09552000037947436,0.14740104334694998,391.07
82,82,498000000,349.5141296386719,47.846065521240234,349.9768981933594,,,-0.002258121035993099,2607.616943359375,-3.589751720428467,0.007532130926847458,0.13371916832402347,0.1469186885016305,395.51
83,83,504000000,350.1833801269531,45.79598617553711,350.6479797363281,,,-0.0037372917868196964,2604.443115234375,-3.6028366088867188,0.007533224765211344,0.17444333595922218,0.14669597148895264,399.4
84,84,510000000,353.3966369628906,47.795318603515625,353.864501953125,,,-0.005307380575686693,2618.8896484375,-3.6352648735046387,0.0034795713145285845,0.1183158356405329,0.14604088238307408,403.05
85,85,516000000,353.0954284667969,48.098419189453125,353.564208984375,382.37078857421875,382.8080749511719,-0.005847898777574301,2650.69677734375,-3.6638662815093994,0.00473081273958087,0.13159250089174748,0.14550004686628068,410.9
86,86,522000000,357.80657958984375,48.58335494995117,358.2763366699219,,,0.004811354912817478,2711.855224609375,-3.6855390071868896,0.018149102106690407,0.0819450004830287,0.14512855666024344,414.77
87,87,528000000,359.79901123046875,47.928932189941406,360.2711181640625,,,-0.0033600556198507547,2720.939697265625,-3.7150306701660156,0.005985210184007883,0.10334250132073067,0.14456922667367117,418.44
88,88,534000000,363.2223205566406,46.25625991821289,363.6949157714844,,,-0.0007801920874044299,2780.6767578125,-3.7469863891601562,0.00784169603139162,0.12857583489385432,0.14392268657684326,423.02
89,89,540000000,362.1072082519531,47.02478790283203,362.5780944824219,,,-0.004259967710822821,2757.6494140625,-3.770918369293213,0.0056151398457586765,0.11737166852199152,0.14348391124180385,426.76
90,90,546000000,362.7667236328125,46.533775329589844,363.2392883300781,392.7838134765625,393.227783203125,-0.003877333365380764,2740.551025390625,-3.8077850341796875,0.006032375153154135,0.137253335287096,0.1427328245980399,434.04
91,91,552000000,366.1068420410156,47.259124755859375,366.581787109375,,,-0.004511662758886814,2802.192138671875,-3.829155206680298,0.00573937501758337,0.12394666777254315,0.14233391625540598,438.78
92,92,558000000,366.14178466796875,46.62602233886719,366.6175842285156,,,-0.003434921381995082,2788.75048828125,-3.8436031341552734,0.005640089977532625,0.18458583508618176,0.14207404851913452,442.39
93,93,564000000,367.1370849609375,47.20145797729492,367.6134948730469,,,-0.0028268706519156694,2831.32861328125,-3.8660542964935303,0.007625029422342777,0.12887000060627543,0.1416593619755336,445.98
94,94,570000000,368.94720458984375,50.103233337402344,369.42578125,,,-0.002548814984038472,2858.635009765625,-3.882906198501587,0.00861304346472025,0.12876000143005512,0.14133540221623012,451.01
95,95,576000000,369.14007568359375,49.21057891845703,369.62109375,402.4332580566406,402.88720703125,-0.006102601997554302,2854.597900390625,-3.9116592407226562,0.005679961293935776,0.14346000103178086,0.1408031838280814,458.28
96,96,582000000,370.2011413574219,47.823795318603516,370.6822814941406,,,-0.003275910159572959,2877.34912109375,-3.9487757682800293,0.007224352564662695,0.17654166898573748,0.14010142428534372,462.44
97,97,588000000,374.9189758300781,49.198673248291016,375.4039611816406,,,-0.0036168862134218216,2967.916259765625,-3.977415084838867,0.005031808745115995,0.20279416798148303,0.1395383051463536,466.88
98,98,594000000,373.89129638671875,49.80851364135742,374.3770751953125,,,0.006904484238475561,2919.135009765625,-3.992892026901245,0.01798177696764469,0.17007833524985472,0.13932265554155623,470.54
99,99,600000000,374.23114013671875,49.043251037597656,374.7192077636719,,,-0.004301221575587988,2929.606689453125,-4.015317916870117,0.006938764825463295,0.13199500246555546,0.1389421054295131,474.23
100,100,606000000,375.0905456542969,49.45192337036133,375.5812683105469,405.1431579589844,405.6092834472656,-0.004038501065224409,2941.60546875,-4.049594402313232,0.004875505808740854,0.2054016675800085,0.138304488999503,482.13
101,101,612000000,377.7505187988281,49.645484924316406,378.2430725097656,,,-0.001854452770203352,2960.544921875,-4.083195209503174,0.009402679279446602,0.12902666826848871,0.13771639551435197,485.88
102,102,618000000,377.8437805175781,49.05275344848633,378.3380432128906,,,-0.004866845440119505,2969.437255859375,-4.100508213043213,0.007198723498731852,0.1100391673084232,0.13746570689337595,490.0
103,103,624000000,380.4925842285156,49.922515869140625,380.9889221191406,,,0.0010074760066345334,3004.35302734375,-4.126499176025391,0.010726084932684898,0.06794916737562744,0.13702506678444998,494.27
104,104,630000000,382.2709655761719,50.3472900390625,382.7661437988281,,,-0.0027181163895875216,3017.28759765625,-4.146667957305908,0.006341880653053522,0.10337333457764544,0.13670893226351058,497.88
105,105,636000000,381.4709777832031,50.06700134277344,381.9661560058594,417.34454345703125,417.8177185058594,-0.0029086018912494183,3004.383056640625,-4.181284427642822,0.00863212626427412,0.11022916735091712,0.13606277533939906,505.78
106,106,642000000,385.00701904296875,52.73127365112305,385.50457763671875,,,-0.0031997598707675934,3058.155029296875,-4.195065975189209,0.005405498202890158,0.20858166816178708,0.13587493555886404,509.39
107,107,648000000,385.9693908691406,50.192481994628906,386.46820068359375,,,-0.00527619756758213,3103.1259765625,-4.212554931640625,0.0045296428725123405,0.1697550011173007,0.1355765632220677,512.99
108,108,654000000,388.51263427734375,48.72529220581055,389.0137634277344,,,-0.0025186508428305387,3120.61767578125,-4.243416786193848,0.00749694649130106,0.11722083450877108,0.13503059319087438,517.31
109,109,660000000,389.84637451171875,50.71555709838867,390.3509216308594,,,-0.00678471801802516,3141.385009765625,-4.277608871459961,0.005407967139035463,0.11549833467579447,0.13447919062205724,521.47
110,110,666000000,388.3323059082031,50.19790267944336,388.83563232421875,418.5657043457031,419.0488586425781,-0.0021893996745347977,3120.010498046875,-4.293999195098877,0.009467441588640213,0.13872916761320084,0.13418652330126082,528.29
111,111,672000000,393.1432189941406,50.19877243041992,393.64910888671875,,,-0.005164348520338535,3166.793701171875,-4.326101779937744,0.0046294741332530975,0.11718083423911593,0.13362915175301687,533.0
112,112,678000000,393.6126403808594,51.451290130615234,394.1207580566406,,,-0.004345886409282684,3207.921142578125,-4.357822895050049,0.0069244964979588985,0.12680500187998406,0.13309334005628312,536.68
113,113,684000000,394.42071533203125,50.26323699951172,394.93017578125,,,-0.0025437134318053722,3192.615478515625,-4.396603107452393,0.008819276466965675,0.14431750200383248,0.13238615649087088,540.54
114,114,690000000,399.41668701171875,51.85288619995117,399.92852783203125,,,0.0004736256960313767,3289.86083984375,-4.423945903778076,0.008111323229968548,0.13369833531905898,0.13191284452165877,545.17
115,115,696000000,402.4704284667969,47.18003845214844,402.9839172363281,425.0337219238281,425.52740478515625,-0.003347924677655101,3325.74267578125,-4.439659595489502,0.005087513476610184,0.21133583602495493,0.13167663982936315,552.44
116,116,702000000,402.57470703125,49.269622802734375,403.0893249511719,,,0.01916728913784027,3350.892822265625,-4.457878589630127,0.03149788826704025,0.17645000193733723,0.1313575165612357,556.06
117,117,708000000,404.29351806640625,49.64581298828125,404.8099670410156,,,-0.00217547919601202,3361.06787109375,-4.473712921142578,0.007886315695941448,0.12698583492601756,0.1310666629246303,560.74
118,118,714000000,403.3092041015625,50.55683898925781,403.824462890625,,,0.004021044820547104,3362.9296875,-4.498778820037842,0.015455071814358234,0.15942166809400077,0.13065285342080252,564.37
119,119,720000000,406.6759033203125,47.93234634399414,407.1919250488281,,,-0.0012196380412206054,3360.329833984375,-4.5206522941589355,0.008680643513798714,0.2058816696924623,0.13026917832238333,568.0
120,120,726000000,405.73114013671875,49.678688049316406,406.24749755859375,429.5285339355469,430.0260314941406,0.0005205522174946964,3352.425048828125,-4.542155742645264,0.011745704337954521,0.21699166868347675,0.1299055474145072,576.19
121,121,732000000,406.52569580078125,51.0968132019043,407.0419616699219,,,-0.005553260445594788,3424.302001953125,-4.559830188751221,0.005312594585120678,0.19123416759539397,0.12959987776620047,579.97
122,122,738000000,408.7604675292969,49.27811813354492,409.2800598144531,,,0.00643592793494463,3412.78955078125,-4.58677864074707,0.015833618119359016,0.26852916987845676,0.12907483748027257,583.75
123,123,744000000,406.6587829589844,50.331642150878906,407.17864990234375,,,0.009944760240614414,3382.979736328125,-4.600292205810547,0.021175066009163857,0.2226491694978904,0.12884357145854405,588.47
124,124,750000000,408.0523681640625,49.21030807495117,408.57171630859375,,,-0.005233299918472767,3385.635009765625,-4.621036529541016,0.004660171456634998,0.19958166910655564,0.128511267048972,592.25
125,125,756000000,409.0190124511719,51.90697479248047,409.53912353515625,433.2168884277344,433.7178955078125,-0.005640856921672821,3396.69775390625,-4.651961326599121,0.00415809964761138,0.19951833512168377,0.12799365179879324,600.11
126,126,762000000,411.64398193359375,51.600345611572266,412.1656494140625,,,-0.0013838299782946706,3459.478515625,-4.662212371826172,0.011008402332663536,0.1124450014467584,0.12783109290259226,603.83
127,127,768000000,406.99151611328125,50.83713150024414,407.5133972167969,,,0.001110211480408907,3335.811279296875,-4.669532299041748,0.012137842364609241,0.337583335256204,0.12768759897777013,607.72
128,128,774000000,408.4048767089844,49.10209274291992,408.9277648925781,,,0.008584356866776943,3361.904296875,-4.676666259765625,0.021267741918563843,0.29542416823096573,0.1275625228881836,611.71
129,129,780000000,413.16107177734375,52.43558120727539,413.6867370605469,,,-0.0037859186995774508,3450.470947265625,-4.7052083015441895,0.009421663358807564,0.20143333575688302,0.1271085398537772,615.86
130,130,786000000,418.9194030761719,48.891090393066406,419.44927978515625,441.6073913574219,442.1185302734375,-0.0008754821610637009,3524.315673828125,-4.7319488525390625,0.009541208855807781,0.12486250138363175,0.12665245362690516,623.03
131,131,792000000,417.93707275390625,49.939735412597656,418.4695739746094,,,0.009120296686887741,3504.161376953125,-4.753189563751221,0.020487170666456223,0.19124083553469973,0.12629210948944092,627.75
132,132,798000000,421.5255126953125,49.29792404174805,422.05865478515625,,,0.0039343503303825855,3589.360595703125,-4.7764506340026855,0.014546229504048824,0.23153000152669848,0.1258860741342817,631.48
133,133,804000000,420.4417724609375,49.661293029785156,420.9746398925781,,,-0.0031113075092434883,3521.370361328125,-4.808716773986816,0.005926342681050301,0.12429250173736364,0.1253856590815953,635.23
134,134,810000000,420.24114990234375,48.80713653564453,420.77239990234375,,,-0.0026363094802945852,3566.4150390625,-4.824283599853516,0.006837119814008474,0.2458891702699475,0.1251453161239624,639.68
135,135,816000000,419.2786560058594,49.281558990478516,419.8108825683594,444.43115234375,444.94677734375,-0.0013665047008544207,3535.85595703125,-4.844165802001953,0.010756997391581535,0.16674916869960726,0.12483256203787667,646.85
136,136,822000000,424.2477111816406,49.37007141113281,424.7822570800781,,,-0.0035781865008175373,3607.023681640625,-4.860499858856201,0.008641335181891918,0.21476833712076768,0.12458057062966484,650.49
137,137,828000000,425.7914123535156,50.106197357177734,426.32666015625,,,-0.005635072477161884,3619.560791015625,-4.88750696182251,0.005738134030252695,0.08602333384669691,0.1241662928036281,655.23
138,138,834000000,423.4612731933594,52.783851623535156,423.99615478515625,,,-0.006709819193929434,3600.285888671875,-4.921158313751221,0.005267367232590914,0.13537583504257783,0.12365574496132987,658.83
139,139,840000000,427.99188232421875,49.40995407104492,428.52777099609375,,,0.01896892488002777,3682.108642578125,-4.938190460205078,0.0293296966701746,0.23965000314638019,0.12341596399034772,662.47
140,140,846000000,428.8210144042969,48.56147003173828,429.357421875,451.66009521484375,452.178955078125,-0.0030486921314150095,3691.868896484375,-4.957351207733154,0.008126558735966682,0.12555916760466063,0.12315446989876884,670.31
141,141,852000000,429.59185791015625,50.380279541015625,430.1281433105469,,,-0.00100316375028342,3680.598876953125,-4.9886322021484375,0.00960882380604744,0.1449175022484269,0.12261145455496651,674.05
142,142,858000000,432.5629577636719,51.0741081237793,433.10076904296875,,,0.003545379498973489,3718.898193359375,-5.010089874267578,0.014625070616602898,0.13311250087208465,0.12226263965879168,677.68
143,143,864000000,433.089111328125,48.287715911865234,433.62860107421875,,,-0.004586121067404747,3707.470458984375,-5.027819633483887,0.007476394530385733,0.16335250191332307,0.12200822149004255,682.58
144,144,870000000,431.6404724121094,50.0713005065918,432.17828369140625,,,-0.0023207045160233974,3680.859130859375,-5.052748203277588,0.009009189903736115,0.2255475030047819,0.12164314304079328,686.45
145,145,876000000,434.7118835449219,50.813995361328125,435.2506408691406,459.5387268066406,460.05902099609375,-0.001302924589253962,3779.07568359375,-5.068748950958252,0.007776365149766207,0.2964016686542891,0.12145241669246129,694.5
146,146,882000000,435.8636474609375,51.021881103515625,436.4043273925781,,,0.027580855414271355,3813.014404296875,-5.089259624481201,0.041952457278966904,0.22954083502991124,0.121125442641122,698.34
147,147,888000000,437.5462646484375,50.43810272216797,438.0921936035156,,,0.0009841433493420482,3825.07861328125,-5.103180408477783,0.009615348652005196,0.1974466692263377,0.12095140559332711,702.27
148,148,894000000,440.3970947265625,52.930599212646484,440.9436950683594,,,0.016995573416352272,3893.083251953125,-5.122395038604736,0.031206706538796425,0.18836500177276322,0.12066214425223214,706.74
149,149,900000000,443.9329528808594,53.7367057800293,444.4828186035156,,,0.01374709140509367,3928.205322265625,-5.14286470413208,0.02535458654165268,0.15329416796739678,0.12031837872096471,711.29
150,150,906000000,445.0967102050781,51.6070442199707,445.64556884765625,470.1014709472656,470.63348388671875,-0.0021470205392688513,3923.9150390625,-5.172145843505859,0.007761145010590553,0.16747750241775067,0.11984038352966309,718.44
151,151,912000000,444.1274719238281,52.96787643432617,444.6761474609375,,,-0.004217152483761311,3954.53759765625,-5.197956085205078,0.005418189335614443,0.1881400030804798,0.1194062318120684,723.17
152,152,918000000,445.3722839355469,51.75326156616211,445.9223327636719,,,-0.0009288174915127456,3959.744873046875,-5.212208271026611,0.009375480934977531,0.23927000160911122,0.11917399508612496,726.84
153,153,924000000,448.384765625,49.62032699584961,448.9380187988281,,,-0.00326778506860137,4001.9658203125,-5.22877311706543,0.008070997893810272,0.24483667083550245,0.11891426358904157,730.48
154,154,930000000,447.9010009765625,54.40177917480469,448.4549560546875,,,0.0017243234906345606,3995.451416015625,-5.247034072875977,0.00954464916139841,0.23450500335311517,0.1186537231717791,734.87
155,155,936000000,449.0780944824219,54.2454719543457,449.6325988769531,477.717529296875,478.2587585449219,0.005418962333351374,4013.185546875,-5.250225067138672,0.015759414061903954,0.30385250254767016,0.1186193653515407,741.88
156,156,942000000,446.9476623535156,55.52704620361328,447.502197265625,,,0.002959584118798375,3994.292236328125,-5.272942543029785,0.015230042859911919,0.19747000298812054,0.11828092166355678,745.55
157,157,948000000,447.1212158203125,50.488121032714844,447.6756896972656,,,-0.0028033279813826084,3959.866943359375,-5.298656463623047,0.006778467912226915,0.13375750085542676,0.11788081271307808,750.24
158,158,954000000,448.61444091796875,51.44084167480469,449.1717834472656,,,0.0017022629035636783,3967.9052734375,-5.320041656494141,0.012678365223109722,0.10427083506365306,0.11755380460194179,753.91
159,159,960000000,449.0676574707031,54.96173858642578,449.6244812011719,,,-0.004501651041209698,4012.107177734375,-5.3487725257873535,0.006961813662201166,0.1262066680326825,0.11705197606767927,757.62
160,160,966000000,451.25634765625,52.30805587768555,451.81396484375,473.0255432128906,473.5685119628906,-0.0015091766836121678,4043.199951171875,-5.352828025817871,0.008487632498145103,0.2776166702620685,0.117008490221841,765.47
161,161,972000000,450.2189636230469,53.57185363769531,450.7741394042969,,,-0.004635259509086609,4000.343505859375,-5.363712787628174,0.004980564583092928,0.2105575032532215,0.11688868488584246,769.12
162,162,978000000,452.3116149902344,53.99647903442383,452.8680114746094,,,-0.0018009106861427426,4017.93603515625,-5.3888468742370605,0.008957036770880222,0.25498583654407414,0.11650434562138148,772.8
163,163,984000000,454.3743896484375,52.51386260986328,454.9310302734375,,,-0.004167767241597176,4087.575927734375,-5.410744667053223,0.004692002199590206,0.143834168533067,0.11617663076945714,777.76
164,164,990000000,455.439453125,51.681358337402344,455.99822998046875,,,-0.00013558527280110866,4078.794677734375,-5.438839435577393,0.01047634705901146,0.17875750150706154,0.11579506737845284,781.39
165,165,996000000,455.8544921875,54.15095901489258,456.4148864746094,478.9720764160156,479.5180969238281,-0.0033944244496524334,4119.91943359375,-5.453364849090576,0.004709767177700996,0.2024083356227493,0.11555573769978114,788.86
166,166,1002000000,454.7015075683594,54.75438690185547,455.26141357421875,,,0.00330819608643651,4038.248046875,-5.470158100128174,0.013504059053957462,0.22931166900671088,0.11529665333884102,792.92
167,167,1008000000,454.7093200683594,55.535396575927734,455.2684326171875,,,0.00011963552242377773,4115.98291015625,-5.493139266967773,0.010947317816317081,0.17731250263459514,0.11494030271257673,796.71
168,168,1014000000,459.82025146484375,54.392250061035156,460.3802185058594,,,-0.0016764900647103786,4174.17138671875,-5.50180196762085,0.008370107971131802,0.2813566690310836,0.11481504780905587,800.42
169,169,1020000000,459.11553955078125,54.56340408325195,459.6751403808594,,,-0.0031566000543534756,4102.5107421875,-5.518166542053223,0.005705427844077349,0.15193083443446084,0.1145704814365932,804.93
170,170,1026000000,458.46148681640625,53.46645736694336,459.0229797363281,482.9485778808594,483.4967041015625,-0.0011792249279096723,4097.36572265625,-5.537954807281494,0.00995874684303999,0.14368250182888004,0.11429406915392194,811.69
171,171,1032000000,460.2352600097656,54.38678741455078,460.7967224121094,,,-0.0019299604464322329,4153.77880859375,-5.5695929527282715,0.00924470741301775,0.11478666797775076,0.11381069251469203,816.09
172,172,1038000000,460.37115478515625,54.778926849365234,460.93365478515625,,,0.005787232890725136,4149.5380859375,-5.578777313232422,0.01872989535331726,0.24405000143451616,0.11365878582000732,820.08
173,173,1044000000,460.8711853027344,55.584136962890625,461.4324645996094,,,-0.0020816228352487087,4160.880859375,-5.579509258270264,0.006235090084373951,0.228859168686904,0.11364849124635969,823.91
174,174,1050000000,460.4012451171875,56.61685562133789,460.9641418457031,,,-0.0012852989602833986,4140.1455078125,-5.574938774108887,0.008861251175403595,0.15759416817163582,0.11377922977719988,827.94
175,175,1056000000,460.20458984375,56.237701416015625,460.7666931152344,480.54205322265625,481.0892028808594,0.0031095475424081087,4074.61865234375,-5.607211589813232,0.013657179661095142,0.16129250192898326,0.11331181015287127,836.03
176,176,1062000000,460.884521484375,54.4827995300293,461.4456481933594,,,-0.004357177764177322,4136.68603515625,-5.618842601776123,0.004307921510189772,0.19028500317363067,0.11317226716450282,839.79
177,177,1068000000,463.09051513671875,55.53097152709961,463.65228271484375,,,0.01194640900939703,4192.74169921875,-5.634261608123779,0.02710673026740551,0.17662750258168672,0.1129636253629412,844.45
178,178,1074000000,462.7985534667969,55.69824981689453,463.36053466796875,,,-0.00367721077054739,4150.51708984375,-5.640996932983398,0.004889810457825661,0.31559166887309403,0.11282398019518171,848.06
179,179,1080000000,464.87432861328125,58.014434814453125,465.4373779296875,,,0.000583464337978512,4188.77978515625,-5.662639617919922,0.010495906695723534,0.1990225017652847,0.11249254431043353,852.01
180,180,1086000000,462.3479919433594,54.93545150756836,462.91021728515625,486.5863342285156,487.1342468261719,-0.0016815020935609937,4139.2021484375,-5.670938968658447,0.006924222223460674,0.27561417035758495,0.11235448292323522,859.87
181,181,1092000000,464.7830810546875,56.84120559692383,465.34600830078125,,,-0.004346607718616724,4200.12451171875,-5.69079065322876,0.005454204045236111,0.2227416689740494,0.11204519442149571,863.47
182,182,1098000000,465.34649658203125,52.2938346862793,465.9096374511719,,,0.015424042008817196,4171.533203125,-5.707269668579102,0.029046272858977318,0.3538458373397589,0.11177270753043038,867.07
183,183,1104000000,466.4115905761719,57.64760208129883,466.97601318359375,,,0.0030917590484023094,4212.0830078125,-5.721045970916748,0.01236253697425127,0.27554583807941524,0.11151010649544853,871.67
184,184,1110000000,465.6317138671875,56.98704528808594,466.1958312988281,,,0.0574384443461895,4192.921875,-5.718628406524658,0.096661776304245,0.3804333391599357,0.11153265408107213,875.27
185,185,1116000000,465.3973083496094,59.72417449951172,465.96258544921875,487.4745178222656,488.02813720703125,0.003248268272727728,4211.626953125,-5.709627151489258,0.014499343000352383,0.4644941701553762,0.11157805579049247,882.54
186,186,1122000000,465.5611572265625,56.13260269165039,466.12652587890625,,,1.926116965478286e-05,4162.96533203125,-5.726574897766113,0.011096480302512646,0.2070816691033542,0.11137275184903826,886.69
187,187,1128000000,464.6591796875,56.54278564453125,465.22503662109375,,,-0.0009551065159030259,4133.4677734375,-5.730625152587891,0.007789890747517347,0.2981050033820793,0.11131661278860909,890.37
188,188,1134000000,465.51861572265625,54.36225128173828,466.0815734863281,,,-0.003850194625556469,4206.92578125,-5.750124931335449,0.007369561120867729,0.221926669718232,0.1110281092779977,894.02
189,189,1140000000,467.2795104980469,54.60021209716797,467.84259033203125,,,-0.0009719126392155886,4173.39892578125,-5.775399208068848,0.008817510679364204,0.15527750211767852,0.11066865921020508,898.71
190,190,1146000000,465.0999450683594,55.92584228515625,465.6607666015625,492.41387939453125,492.9637145996094,-0.005586773157119751,4149.3916015625,-5.802165508270264,0.006196783389896154,0.10689166819065576,0.11030061755861555,905.48
191,191,1152000000,468.9299011230469,57.04772186279297,469.49285888671875,,,-0.002775974106043577,4244.39013671875,-5.826295852661133,0.005558943375945091,0.2655741672264412,0.10992876972470965,909.59
192,192,1158000000,468.3451843261719,54.79612350463867,468.9080810546875,,,-0.0038071791641414165,4198.7333984375,-5.8344573974609375,0.005252513103187084,0.12564000204583864,0.10986173152923584,913.87
193,193,1164000000,469.4787292480469,55.328834533691406,470.041259765625,,,-0.004236861597746611,4209.11474609375,-5.84307861328125,0.005249449517577887,0.1637908345379401,0.10976495061601911,917.51
194,194,1170000000,467.05377197265625,54.785579681396484,467.61749267578125,,,-0.0033938030246645212,4128.34521484375,-5.862795829772949,0.004433605819940567,0.2510750022251159,0.1094726834978376,921.09
195,195,1176000000,469.59246826171875,56.081512451171875,470.15667724609375,494.43621826171875,494.9888916015625,-0.0036416416987776756,4190.2646484375,-5.887042999267578,0.006845781579613686,0.14117916888790205,0.10911742278507777,928.86
196,196,1182000000,470.5471496582031,53.60769271850586,471.1119689941406,,,0.00010394598939456046,4236.0830078125,-5.899643898010254,0.010250176303088665,0.15235083574079908,0.10889338595526558,932.44
197,197,1188000000,470.13787841796875,56.004425048828125,470.7039489746094,,,-0.004733772482722998,4185.98974609375,-5.918846607208252,0.007604620885103941,0.13525833488674835,0.10867714881896973,936.33
198,198,1194000000,469.92596435546875,55.59375762939453,470.4937438964844,,,-0.004196505062282085,4180.27783203125,-5.92254638671875,0.005809280555695295,0.16876250179821,0.10863323722566877,940.71
199,199,1200000000,470.6849670410156,54.782928466796875,471.2507629394531,,,0.002115827752277255,4236.34130859375,-5.930820941925049,0.010437015444040298,0.30708916994044555,0.10852162327085223,944.32
200,200,1206000000,470.5815124511719,57.01359176635742,471.147705078125,493.33331298828125,493.8876647949219,0.018577219918370247,4203.2763671875,-5.925186634063721,0.029172133654356003,0.31255750386044384,0.10864923681531634,952.12
201,201,1212000000,469.3382263183594,56.55997085571289,469.9045715332031,,,0.0010752538219094276,4184.77978515625,-5.942960262298584,0.011550035327672958,0.14357166895642876,0.10836939300809588,955.71
202,202,1218000000,472.2695617675781,55.96086120605469,472.8372802734375,,,0.0004602162807714194,4269.10595703125,-5.953258514404297,0.014252803288400173,0.17542500173076406,0.10822009188788277,959.39
203,203,1224000000,473.63165283203125,55.469459533691406,474.200439453125,,,-0.005841875448822975,4240.59228515625,-5.949715614318848,0.004484239965677261,0.3161825037328526,0.10833186762673515,963.25
204,204,1230000000,471.96575927734375,57.971588134765625,472.5350341796875,,,-0.0007862208294682205,4230.49072265625,-5.9603447914123535,0.010333052836358547,0.15860500191338361,0.10816717147827148,967.86
205,205,1236000000,473.0962219238281,58.394775390625,473.6660461425781,496.7574157714844,497.3170166015625,0.02565925382077694,4228.0615234375,-5.9759602546691895,0.042586036026477814,0.2627608370385133,0.1079931344304766,974.98
206,206,1242000000,473.42291259765625,56.507057189941406,473.9930725097656,,,-0.0017121225828304887,4257.90087890625,-5.978950023651123,0.007126952521502972,0.32391583499265836,0.10795587301254272,979.68
207,207,1248000000,474.3155212402344,57.9563102722168,474.8874816894531,,,-0.004582099616527557,4202.69189453125,-5.993814468383789,0.006372539326548576,0.21178500351961702,0.10778662988117763,983.63
208,208,1254000000,473.55389404296875,56.49919509887695,474.12701416015625,,,-0.001977472100406885,4210.7880859375,-5.99638032913208,0.007400428410619497,0.23940417068079115,0.1077582836151123,987.3
209,209,1260000000,475.4242858886719,56.12180709838867,475.9983825683594,,,-0.003983312752097845,4260.3017578125,-6.022690773010254,0.006032789126038551,0.17397500188089907,0.107316826071058,991.48
210,210,1266000000,474.8477478027344,58.327938079833984,475.4213562011719,489.187255859375,489.7486572265625,0.04497288912534714,4246.15185546875,-6.039034366607666,0.06325974315404892,0.22512583637144418,0.10711789131164551,998.57
211,211,1272000000,476.43170166015625,56.74144744873047,477.0060729980469,,,-0.0031262366101145744,4236.662109375,-6.050988674163818,0.005134863313287497,0.16872166751418263,0.10693504980632237,1002.24
212,212,1278000000,477.199462890625,58.41240310668945,477.7743225097656,,,-0.003510202979668975,4270.828125,-6.074293613433838,0.0076040239073336124,0.13057666807580973,0.10668519565037318,1006.85
213,213,1284000000,479.3097229003906,58.741180419921875,479.88702392578125,,,-0.005856487434357405,4294.3935546875,-6.095728397369385,0.007060956675559282,0.08078000115492615,0.10640828950064522,1010.57
214,214,1290000000,480.60565185546875,57.90523147583008,481.1832580566406,,,-0.003727862611413002,4318.94140625,-6.111035346984863,0.005662326235324144,0.24198000358883293,0.10618240492684501,1014.44
215,215,1296000000,481.5927734375,56.64997100830078,482.1719055175781,500.40777587890625,500.9736633300781,-9.148941171588376e-05,4286.29833984375,-6.12609338760376,0.007840259000658989,0.19487000201479532,0.10597333737782069,1022.47
216,216,1302000000,479.8420715332031,56.587646484375,480.4217529296875,,,-0.001726190559566021,4326.6240234375,-6.130393981933594,0.008090832270681858,0.18411666780302766,0.10593220165797643,1026.04
217,217,1308000000,480.1404724121094,58.708213806152344,480.7209777832031,,,0.0017431712476536632,4282.6083984375,-6.151347637176514,0.013586509972810745,0.23280416966881604,0.10562491416931152,1029.77
218,218,1314000000,483.2503967285156,58.20402145385742,483.8348083496094,,,0.001972045050933957,4374.86376953125,-6.160645008087158,0.010480894707143307,0.1900075029116124,0.10548384700502668,1034.41
219,219,1320000000,482.37933349609375,59.17833709716797,482.9627990722656,,,0.013900364749133587,4323.5380859375,-6.18313455581665,0.03130336105823517,0.23886666861362754,0.1051638126373291,1037.97
220,220,1326000000,483.41156005859375,57.97684097290039,483.9937744140625,501.8490905761719,502.4197692871094,-0.0029764410573989153,4385.45654296875,-6.1872477531433105,0.006675750948488712,0.21607833503512666,0.10509792396000453,1045.29
221,221,1332000000,482.43865966796875,59.04350662231445,483.0209655761719,,,-0.003874405985698104,4328.494140625,-6.208302021026611,0.005460409447550774,0.23257333484943957,0.10485441344124931,1049.34
222,222,1338000000,482.0619201660156,58.43376922607422,482.64208984375,,,0.002762499498203397,4345.14404296875,-6.209604263305664,0.0158480666577816,0.3467708373442292,0.10480121203831264,1052.89
223,223,1344000000,480.4039001464844,59.658451080322266,480.9842834472656,,,0.007411481812596321,4324.09326171875,-6.208649158477783,0.020603781566023827,0.4228758388198912,0.10478021417345319,1056.46
224,224,1350000000,476.2422180175781,59.876285552978516,476.8206787109375,,,-0.0007829859387129545,4203.17138671875,-6.219208240509033,0.010029654949903488,0.2332641684100963,0.10470772641045707,1061.26
225,225,1356000000,478.0733337402344,58.483604431152344,478.65234375,494.6380310058594,495.20343017578125,-0.003624342381954193,4271.1611328125,-6.234858512878418,0.005916796624660492,0.2667283365502954,0.10447824001312256,1068.35
226,226,1362000000,478.2105407714844,60.43684005737305,478.7906494140625,,,0.0452939011156559,4245.8818359375,-6.236298084259033,0.06975426524877548,0.23645250234694687,0.10442066192626953,1072.87
227,227,1368000000,482.4924011230469,59.61785125732422,483.0760803222656,,,0.052263543009757996,4302.39892578125,-6.233319282531738,0.0796056017279625,0.385581672587432,0.10437938145228795,1077.02
228,228,1374000000,481.30682373046875,57.11695098876953,481.8879699707031,,,0.0044483342207968235,4310.34130859375,-6.228621006011963,0.01262982003390789,0.4018950041383505,0.1044410126549857,1080.75
229,229,1380000000,481.2706604003906,57.65886306762695,481.85107421875,,,-0.004690885543823242,4293.07421875,-6.250689506530762,0.004548165015876293,0.15605833550289389,0.10416371481759208,1084.52
230,230,1386000000,481.6841735839844,59.07932662963867,482.266357421875,497.3464050292969,497.9148254394531,-0.004191898740828037,4309.861328125,-6.263631343841553,0.0036635245196521282,0.1661525010538753,0.1039891072681972,1092.25
231,231,1392000000,482.7291564941406,60.13201904296875,483.3114318847656,,,-0.001075350446626544,4290.546875,-6.2771477699279785,0.0077681648544967175,0.3061808362603188,0.103798474584307,1095.87
232,232,1398000000,483.5933837890625,59.58963394165039,484.1787109375,,,0.013555066660046577,4342.04052734375,-6.283787727355957,0.024210454896092415,0.25497500407509505,0.10370595114571708,1100.19
233,233,1404000000,483.0841979980469,57.91380310058594,483.6680908203125,,,0.021054375916719437,4285.37548828125,-6.299213409423828,0.03767557814717293,0.24040166838094593,0.10355802944728307,1103.97
234,234,1410000000,483.0626525878906,60.07544708251953,483.6460876464844,,,-0.005455309990793467,4342.31201171875,-6.3165812492370605,0.005074547603726387,0.10301083529484459,0.10332717214311872,1107.55
235,235,1416000000,484.6440124511719,58.86884689331055,485.2267150878906,507.8044128417969,508.3780822753906,-0.002831603866070509,4364.63525390625,-6.349675178527832,0.009494260884821415,0.0861191675576265,0.1028793283871242,1115.34
236,236,1422000000,486.44580078125,58.00469970703125,487.029541015625,,,0.005912097170948982,4344.32861328125,-6.3671040534973145,0.02020937204360962,0.09291666717326734,0.1026025755064828,1118.88
237,237,1428000000,486.9792785644531,58.58542251586914,487.56378173828125,,,0.017658235505223274,4325.802734375,-6.370854377746582,0.030918734148144722,0.3337700044736266,0.10248323849269322,1122.59
238,238,1434000000,481.2357482910156,58.333675384521484,481.8208312988281,,,0.008582442067563534,4225.87060546875,-6.382297992706299,0.020754683762788773,0.20735000155400485,0.10229401929037911,1126.86
239,239,1440000000,486.5353088378906,58.85102844238281,487.12109375,,,-0.002733735367655754,4369.68701171875,-6.385214805603027,0.007598446682095528,0.2231366702588275,0.10228975330080305,1130.72
240,240,1446000000,489.0158386230469,58.145668029785156,489.60284423828125,509.81878662109375,510.3951416015625,-0.0035782456398010254,4415.86474609375,-6.395926475524902,0.006101546343415976,0.08588833470566896,0.10220680066517421,1137.53
241,241,1452000000,488.1149597167969,61.71076583862305,488.7011413574219,,,0.012759687379002571,4347.771484375,-6.414645671844482,0.023542683571577072,0.19281500155339018,0.10194677114486694,1142.18
242,242,1458000000,490.75665283203125,60.71321487426758,491.34320068359375,,,0.005780935753136873,4397.921875,-6.420684337615967,0.01922013983130455,0.21407000152394176,0.10188949959618705,1145.98
243,243,1464000000,485.15216064453125,62.20380401611328,485.73687744140625,,,-0.0020348653197288513,4371.94580078125,-6.435357570648193,0.008332771249115467,0.10923666773351215,0.10171028545924596,1149.8
244,244,1470000000,494.5604553222656,58.00685501098633,495.1481628417969,,,-0.0034929236862808466,4473.9462890625,-6.436092376708984,0.005129585042595863,0.15709166759379514,0.10171447481427874,1154.46
245,245,1476000000,488.01318359375,62.74086380004883,488.5990905761719,512.69482421875,513.27001953125,-0.0019694294314831495,4357.44775390625,-6.4582366943359375,0.0087576387450099,0.22662333522457628,0.10138899087905884,1161.25
246,246,1482000000,490.84564208984375,62.01641845703125,491.4317932128906,,,-0.004134455230087042,4432.57421875,-6.469162464141846,0.006492502521723509,0.20249916864559053,0.10120015484946114,1165.1
247,247,1488000000,492.3686828613281,62.191162109375,492.9563293457031,,,-0.0036531351506710052,4467.54541015625,-6.480474948883057,0.004616704303771257,0.2037950029131025,0.10107801641736712,1169.57
248,248,1494000000,490.09515380859375,61.85531997680664,490.68182373046875,,,0.048438798636198044,4391.64111328125,-6.489657402038574,0.08910548686981201,0.24046916923252865,0.10094729491642543,1173.15
249,249,1500000000,491.1459655761719,62.78340530395508,491.7320861816406,,,0.0007100471411831677,4407.98291015625,-6.489602088928223,0.013794537633657455,0.2800708363763988,0.10095225061689105,1176.74
250,250,1506000000,490.6947021484375,58.36442947387695,491.28076171875,510.891845703125,511.4669189453125,0.00199896190315485,4366.408203125,-6.504565715789795,0.011913323774933815,0.294373337039724,0.1007835865020752,1184.59
251,251,1512000000,491.8157958984375,58.785160064697266,492.4036560058594,,,-0.0011020518140867352,4410.43408203125,-6.4998064041137695,0.008346296846866608,0.31165166953578594,0.10088818413870675,1188.17
252,252,1518000000,488.52716064453125,64.2233657836914,489.1143798828125,,,0.0030824909918010235,4349.24951171875,-6.505842685699463,0.015834355726838112,0.28655000268481673,0.1007687875202724,1191.84
253,253,1524000000,493.7673645019531,58.291259765625,494.3570861816406,,,0.0011211545206606388,4424.48583984375,-6.510361671447754,0.008792074397206306,0.30613916874863206,0.1006979261125837,1196.33
254,254,1530000000,491.5141296386719,60.06175231933594,492.10321044921875,,,-0.0025806946214288473,4335.88232421875,-6.531807899475098,0.00852737296372652,0.18336916896514593,0.10040691920689174,1199.87
255,255,1536000000,490.7332763671875,61.12979507446289,491.32318115234375,513.8389282226562,514.4173583984375,-0.001573442597873509,4353.35400390625,-6.553043842315674,0.00789623986929655,0.2508775033988059,0.10007408687046596,1207.49
256,256,1542000000,491.20220947265625,61.30820846557617,491.79144287109375,,,0.007060312200337648,4388.7607421875,-6.573464870452881,0.018108634278178215,0.1776966682751663,0.09975113187517438,1211.77
257,257,1548000000,492.9325256347656,58.59491729736328,493.52154541015625,,,0.005140671040862799,4377.6865234375,-6.587214946746826,0.01651834510266781,0.1848033358110115,0.09964513778686523,1215.45
258,258,1554000000,491.095458984375,59.56321334838867,491.68505859375,,,0.03335755690932274,4312.7734375,-6.594918251037598,0.04883024841547012,0.31510417016688735,0.09957822731563024,1219.2
259,259,1560000000,494.43426513671875,57.61128234863281,495.0271911621094,,,0.026687147095799446,4386.89208984375,-6.597321033477783,0.04145416244864464,0.3542450057342649,0.09952473640441895,1223.59
260,260,1566000000,497.2625427246094,60.649993896484375,497.8550720214844,514.078857421875,514.6621704101562,-0.0032501716632395983,4437.93505859375,-6.600010395050049,0.00516125513240695,0.43799083614721895,0.09945066486086164,1230.29
261,261,1572000000,494.50457763671875,59.79461669921875,495.09576416015625,,,7.844238280085847e-05,4400.291015625,-6.612300395965576,0.008703171275556087,0.21418250205460937,0.0992501974105835,1234.54
262,262,1578000000,496.4145812988281,59.66814422607422,497.0069885253906,,,0.0015160937327891588,4455.4990234375,-6.625717639923096,0.010167636908590794,0.2672891676891595,0.09911027976444789,1238.39
263,263,1584000000,496.71728515625,60.4619140625,497.3094482421875,,,-0.00608714297413826,4408.81396484375,-6.64240026473999,0.004343749955296516,0.14769416863564402,0.09883941922869001,1242.11
264,264,1590000000,494.05633544921875,62.643646240234375,494.64801025390625,,,-0.005206989590078592,4393.40283203125,-6.652356147766113,0.005060747265815735,0.10762083429726772,0.09871906893593925,1245.82
265,265,1596000000,500.06268310546875,59.414642333984375,500.6568908691406,518.7075805664062,519.291015625,-0.003611980704590678,4479.310546875,-6.684096813201904,0.004919339902698994,0.09108916821423918,0.09831687382289342,1253.43
266,266,1602000000,499.0816650390625,59.14987564086914,499.6763916015625,,,0.005752129480242729,4435.0224609375,-6.685172080993652,0.015663567930459976,0.1998966679784644,0.09832368578229632,1257.12
267,267,1608000000,500.78240966796875,59.930419921875,501.3776550292969,,,0.013233493082225323,4497.80419921875,-6.682768821716309,0.025606676936149597,0.40093083726242185,0.0983344657080514,1261.4
268,268,1614000000,498.7335205078125,57.23799133300781,499.32659912109375,,,0.008725648745894432,4489.9228515625,-6.6911940574646,0.020476285368204117,0.3300425041466951,0.09823216710771833,1265.28
269,269,1620000000,497.706787109375,61.992671966552734,498.302001953125,,,-0.0031847276259213686,4424.9970703125,-6.723304271697998,0.006779630668461323,0.139717502851272,0.0978186982018607,1269.09
270,270,1626000000,499.9150695800781,62.22500228881836,500.5091247558594,521.8040771484375,522.3900756835938,0.02761097438633442,4527.294921875,-6.739700794219971,0.04768409952521324,0.2604833360179327,0.09757547719138009,1277.47
271,271,1632000000,500.1306457519531,60.66680908203125,500.7261047363281,,,0.014424202963709831,4437.06494140625,-6.724215507507324,0.025196317583322525,0.468320838548243,0.09772256442478724,1281.02
272,272,1638000000,500.4258117675781,56.48160171508789,501.0222473144531,,,0.04068104550242424,4434.18408203125,-6.734805107116699,0.061290767043828964,0.2331175021477975,0.09759268590382167,1284.7
273,273,1644000000,497.75482177734375,60.33243179321289,498.3494873046875,,,0.04250134155154228,4400.6875,-6.727257251739502,0.059721801429986954,0.44073000370990484,0.0976250341960362,1289.34
274,274,1650000000,495.7359619140625,61.06100082397461,496.3252258300781,,,-0.003647848730906844,4367.32177734375,-6.741935729980469,0.007025458849966526,0.13320083442376926,0.09744301864079066,1292.98
275,275,1656000000,495.1683349609375,61.21004104614258,495.7567138671875,515.5233764648438,516.1041870117188,-0.002330186078324914,4358.1943359375,-6.752506732940674,0.008486888371407986,0.2631083352956921,0.0973374332700457,1299.77
276,276,1662000000,492.877197265625,60.754703521728516,493.4639892578125,,,0.030072933062911034,4273.92529296875,-6.766059398651123,0.04325857758522034,0.22881666891044006,0.09719723463058472,1304.33
277,277,1668000000,491.29888916015625,58.522987365722656,491.8860168457031,,,-0.004007578361779451,4233.4638671875,-6.767101287841797,0.005630276165902615,0.3236916696187109,0.097174414566585,1308.21
278,278,1674000000,492.39019775390625,62.12459182739258,492.9769287109375,,,-0.003895089030265808,4231.6298828125,-6.788436412811279,0.006767295300960541,0.17223750127013773,0.09691403593335833,1311.86
279,279,1680000000,492.1654968261719,59.545814514160156,492.7533874511719,,,0.0014229284133762121,4271.7431640625,-6.799829959869385,0.01187357772141695,0.06518500082092941,0.09672049113682338,1316.33
280,280,1686000000,495.1465759277344,59.81302261352539,495.7347106933594,513.9820556640625,514.5601196289062,0.003797138575464487,4326.2119140625,-6.803432464599609,0.013563110493123531,0.35486667004879563,0.09662072999136788,1323.08
281,281,1692000000,494.6790466308594,62.31123352050781,495.2674865722656,,,-0.0011198165593668818,4258.06689453125,-6.817028045654297,0.007883714511990547,0.24519333720672876,0.09647730418613978,1326.75
282,282,1698000000,499.1065673828125,59.53627014160156,499.6968994140625,,,0.004852975718677044,4362.06640625,-6.832431316375732,0.016005808487534523,0.13413833465601782,0.09630438259669713,1331.4
283,283,1704000000,498.74127197265625,61.5523796081543,499.3334045410156,,,-0.0053002797067165375,4387.65380859375,-6.865894794464111,0.005844648461788893,0.09020833472459344,0.09590438434055873,1335.09
284,284,1710000000,499.94317626953125,60.00249481201172,500.53509521484375,,,0.01401344034820795,4362.88427734375,-6.879205226898193,0.02301166020333767,0.1451416688149038,0.09575743334633964,1338.66
285,285,1716000000,501.55316162109375,60.064697265625,502.14739990234375,516.9791259765625,517.5645751953125,-0.001582719967700541,4408.30908203125,-6.891109466552734,0.008861158974468708,0.11347750158747658,0.09559465306145805,1346.62
286,286,1722000000,502.38104248046875,58.36457443237305,502.97613525390625,,,0.009190104901790619,4383.66845703125,-6.918267726898193,0.02423250675201416,0.0875375009898562,0.09527606623513359,1350.21
287,287,1728000000,500.30511474609375,58.45559310913086,500.9012451171875,,,-0.0011730033438652754,4326.71142578125,-6.928776741027832,0.008298185653984547,0.17016166964313015,0.09515466008867536,1354.23
288,288,1734000000,502.8153991699219,60.87776565551758,503.4100646972656,,,0.011554259806871414,4474.72119140625,-6.9194865226745605,0.024165067821741104,0.3963683352805674,0.0952162402016776,1358.61
289,289,1740000000,504.7187194824219,60.281864166259766,505.31585693359375,,,0.0006388160982169211,4475.77734375,-6.9338178634643555,0.012099578976631165,0.2996966686099768,0.09506303923470634,1362.23
290,290,1746000000,504.068115234375,60.85127639770508,504.6668701171875,525.0606079101562,525.6502685546875,0.01293804869055748,4476.97802734375,-6.938465118408203,0.026137700304389,0.23065083618275822,0.09501099586486816,1369.87
291,291,1752000000,504.48126220703125,60.676300048828125,505.0769958496094,,,0.0033302735537290573,4484.33935546875,-6.952765464782715,0.014258116483688354,0.10844250149093568,0.09491949422018868,1373.65
292,292,1758000000,503.6025695800781,61.622859954833984,504.2000732421875,,,-0.004225870594382286,4401.9267578125,-6.971108436584473,0.0055227018892765045,0.05306916703120805,0.09470796585083008,1377.21
293,293,1764000000,504.6620788574219,60.252437591552734,505.2598876953125,,,0.0055246432311832905,4441.0390625,-6.991122245788574,0.018220951780676842,0.12740333472029305,0.09448175770895821,1380.94
294,294,1770000000,505.6799621582031,59.20954513549805,506.2768249511719,,,0.00964613538235426,4505.53076171875,-6.988201141357422,0.023958032950758934,0.2673341699533921,0.09452441760471889,1385.31
295,295,1776000000,501.4189758300781,59.632530212402344,502.0163879394531,520.9891967773438,521.5755004882812,-0.0015509966760873795,4358.21142578125,-6.962443828582764,0.006327170412987471,0.5580041722394526,0.09479926313672747,1392.02
296,296,1782000000,502.22637939453125,59.75253677368164,502.8214416503906,,,0.00920635275542736,4368.57373046875,-6.973518371582031,0.02167494408786297,0.32790166907943785,0.09470445769173759,1396.44
297,297,1788000000,501.0806579589844,62.398372650146484,501.6772155761719,,,-3.972727427026257e-05,4362.28076171875,-6.977771759033203,0.011344836093485355,0.1453908354276791,0.09464866774422782,1400.27
298,298,1794000000,504.915771484375,60.594791412353516,505.5146484375,,,-0.0027530111838132143,4431.54150390625,-6.997035980224609,0.008254374377429485,0.10138750136757153,0.09440868241446358,1403.94
299,299,1800000000,505.4385070800781,61.30957794189453,506.03582763671875,,,-0.0017962560523301363,4377.43310546875,-6.995185852050781,0.008800472132861614,0.23817333681508898,0.09447484357016427,1407.72
300,300,1800000000,,,,518.253173828125,518.842529296875,,,,,,,1411.66
