episode,sim_steps,score_mean,score_std,grad_norm,loss,distance_moyenne,bruit_scale,meilleur_score_global,explosion,elapsed_s
0,6000000,9.232037544250488,5.633522987365723,5.04737663269043,-9.232037544250488,9.303110122680664,0.03,9.232037544250488,False,15.21
1,12000000,9.619997024536133,5.51176118850708,5.039301872253418,-9.619997024536133,9.689478874206543,0.0299,9.619997024536133,False,28.61
2,18000000,9.6771879196167,5.66473913192749,5.021137714385986,-9.6771879196167,9.74048137664795,0.029799999999999997,9.6771879196167,False,41.9
3,24000000,9.528371810913086,5.649627685546875,5.013881683349609,-9.528371810913086,9.60075855255127,0.029699999999999997,9.6771879196167,False,55.27
4,30000000,9.578957557678223,5.569068431854248,5.002485275268555,-9.578957557678223,9.658316612243652,0.0296,9.6771879196167,False,68.82
5,36000000,9.631505966186523,5.581387519836426,5.003048896789551,-9.631505966186523,9.709264755249023,0.0295,9.6771879196167,False,82.18
6,42000000,9.55249309539795,5.604643821716309,4.994833946228027,-9.55249309539795,9.62576961517334,0.0294,9.6771879196167,False,95.74
7,48000000,9.601381301879883,5.397794246673584,4.994111061096191,-9.601381301879883,9.679293632507324,0.0293,9.6771879196167,False,109.0
8,54000000,9.649542808532715,5.457917213439941,5.001409530639648,-9.649542808532715,9.722455024719238,0.0292,9.6771879196167,False,122.48
9,60000000,9.9566011428833,5.477931976318359,4.999214172363281,-9.9566011428833,10.030654907226562,0.029099999999999997,9.9566011428833,False,135.84
10,66000000,9.843754768371582,5.528926372528076,4.985954761505127,-9.843754768371582,9.922021865844727,0.028999999999999998,9.9566011428833,False,149.0
11,72000000,9.932933807373047,5.384405136108398,4.988739967346191,-9.932933807373047,10.002631187438965,0.0289,9.9566011428833,False,162.77
12,78000000,9.807570457458496,5.422674655914307,4.981480598449707,-9.807570457458496,9.891209602355957,0.0288,9.9566011428833,False,175.66
13,84000000,9.850117683410645,5.38949728012085,4.975308418273926,-9.850117683410645,9.92820930480957,0.0287,9.9566011428833,False,189.0
14,90000000,9.873854637145996,5.5696024894714355,4.980916976928711,-9.873854637145996,9.947759628295898,0.0286,9.9566011428833,False,202.06
15,96000000,9.789758682250977,5.503387451171875,4.966075420379639,-9.789758682250977,9.870412826538086,0.028499999999999998,9.9566011428833,False,215.37
16,102000000,9.954906463623047,5.440426826477051,4.9694671630859375,-9.954906463623047,10.036948204040527,0.028399999999999998,9.9566011428833,False,229.1
17,108000000,9.88449478149414,5.4557671546936035,4.960934638977051,-9.88449478149414,9.95856761932373,0.0283,9.9566011428833,False,242.24
18,114000000,9.987537384033203,5.403323173522949,4.965301036834717,-9.987537384033203,10.05496597290039,0.028199999999999996,9.987537384033203,False,255.75
19,120000000,10.098217964172363,5.478886127471924,4.952951908111572,-10.098217964172363,10.184072494506836,0.0281,10.098217964172363,False,268.96
20,126000000,10.20749282836914,5.493953704833984,4.948676109313965,-10.20749282836914,10.296060562133789,0.028,10.20749282836914,False,282.17
21,132000000,10.040797233581543,5.355175495147705,4.948018550872803,-10.040797233581543,10.116827011108398,0.027899999999999998,10.20749282836914,False,295.94
22,138000000,10.101728439331055,5.457758903503418,4.940594673156738,-10.101728439331055,10.179168701171875,0.0278,10.20749282836914,False,309.04
23,144000000,10.20169734954834,5.46805477142334,4.946775436401367,-10.20169734954834,10.284008026123047,0.0277,10.20749282836914,False,322.37
24,150000000,10.03880500793457,5.375568866729736,4.931744575500488,-10.03880500793457,10.131913185119629,0.0276,10.20749282836914,False,335.7
25,156000000,10.036510467529297,5.3942646980285645,4.934494972229004,-10.036510467529297,10.122461318969727,0.027499999999999997,10.20749282836914,False,349.04
26,162000000,10.245670318603516,5.333764553070068,4.936858654022217,-10.245670318603516,10.335251808166504,0.027399999999999997,10.245670318603516,False,362.24
27,168000000,10.109305381774902,5.433266639709473,4.918163776397705,-10.109305381774902,10.204452514648438,0.0273,10.245670318603516,False,375.77
28,174000000,10.251116752624512,5.335604190826416,4.925074100494385,-10.251116752624512,10.335066795349121,0.0272,10.251116752624512,False,389.0
29,180000000,10.256443977355957,5.37092399597168,4.921868801116943,-10.256443977355957,10.343647003173828,0.0271,10.256443977355957,False,402.38
30,186000000,10.475303649902344,5.422281742095947,4.918485164642334,-10.475303649902344,10.564215660095215,0.027,10.475303649902344,False,415.91
31,192000000,10.337116241455078,5.43601131439209,4.917983055114746,-10.337116241455078,10.421883583068848,0.0269,10.475303649902344,False,429.32
32,198000000,10.3622465133667,5.191471576690674,4.918452739715576,-10.3622465133667,10.444125175476074,0.026799999999999997,10.475303649902344,False,442.88
33,204000000,10.281963348388672,5.299238204956055,4.908471584320068,-10.281963348388672,10.371333122253418,0.026699999999999998,10.475303649902344,False,456.18
34,210000000,10.429156303405762,5.34061861038208,4.905694961547852,-10.429156303405762,10.523177146911621,0.026600000000000002,10.475303649902344,False,469.68
35,216000000,10.514883041381836,5.288735389709473,4.907477855682373,-10.514883041381836,10.610340118408203,0.0265,10.514883041381836,False,482.82
36,222000000,10.594392776489258,5.233397960662842,4.899754047393799,-10.594392776489258,10.682541847229004,0.0264,10.594392776489258,False,496.19
37,228000000,10.684953689575195,5.09712028503418,4.908265590667725,-10.684953689575195,10.78242015838623,0.0263,10.684953689575195,False,509.88
38,234000000,10.538308143615723,5.125771522521973,4.907992839813232,-10.538308143615723,10.634310722351074,0.026199999999999998,10.684953689575195,False,523.29
39,240000000,10.282803535461426,5.287933826446533,4.8962860107421875,-10.282803535461426,10.375358581542969,0.026099999999999998,10.684953689575195,False,536.63
40,246000000,10.74290943145752,5.247368812561035,4.895213603973389,-10.74290943145752,10.836795806884766,0.026,10.74290943145752,False,549.98
41,252000000,10.691951751708984,5.145525932312012,4.89377498626709,-10.691951751708984,10.789750099182129,0.025899999999999996,10.74290943145752,False,563.23
42,258000000,10.85440444946289,5.208065986633301,4.896052837371826,-10.85440444946289,10.959968566894531,0.0258,10.85440444946289,False,576.56
43,264000000,11.032574653625488,5.1649169921875,4.893256664276123,-11.032574653625488,11.137773513793945,0.0257,11.032574653625488,False,589.82
44,270000000,10.73019790649414,5.1422505378723145,4.88494348526001,-10.73019790649414,10.82741928100586,0.025599999999999998,11.032574653625488,False,602.95
45,276000000,10.893555641174316,5.221374034881592,4.887428283691406,-10.893555641174316,10.991389274597168,0.0255,11.032574653625488,False,616.37
46,282000000,11.063173294067383,5.1731486320495605,4.8876752853393555,-11.063173294067383,11.15783405303955,0.0254,11.063173294067383,False,629.5
47,288000000,10.923264503479004,5.21640682220459,4.875885486602783,-10.923264503479004,11.02417278289795,0.025299999999999996,11.063173294067383,False,642.74
48,294000000,10.868629455566406,5.139715194702148,4.894095420837402,-10.868629455566406,10.97244930267334,0.025199999999999997,11.063173294067383,False,656.59
49,300000000,11.053645133972168,5.176094055175781,4.876620769500732,-11.053645133972168,11.153656959533691,0.0251,11.063173294067383,False,669.85
50,306000000,11.035714149475098,5.120197772979736,4.880769729614258,-11.035714149475098,11.142443656921387,0.025,11.063173294067383,False,683.51
51,312000000,11.09253978729248,5.093949794769287,4.875940322875977,-11.09253978729248,11.19118881225586,0.0249,11.09253978729248,False,696.73
52,318000000,11.02051067352295,5.008769512176514,4.881278038024902,-11.02051067352295,11.117779731750488,0.0248,11.09253978729248,False,710.05
53,324000000,11.12956428527832,5.001530647277832,4.879664421081543,-11.12956428527832,11.2252779006958,0.0247,11.12956428527832,False,723.42
54,330000000,11.022314071655273,5.051978588104248,4.874995708465576,-11.022314071655273,11.135188102722168,0.0246,11.12956428527832,False,736.74
55,336000000,11.041121482849121,5.006188869476318,4.882874488830566,-11.041121482849121,11.152311325073242,0.024499999999999997,11.12956428527832,False,750.09
56,342000000,11.11315631866455,4.975570201873779,4.876356601715088,-11.11315631866455,11.20827579498291,0.024399999999999998,11.12956428527832,False,763.35
57,348000000,11.267236709594727,4.94324254989624,4.87872314453125,-11.267236709594727,11.377217292785645,0.024300000000000002,11.267236709594727,False,776.83
58,354000000,11.253311157226562,5.003335952758789,4.871002197265625,-11.253311157226562,11.360240936279297,0.0242,11.267236709594727,False,790.37
59,360000000,11.249258041381836,4.871295928955078,4.875738143920898,-11.249258041381836,11.357551574707031,0.0241,11.267236709594727,False,803.58
60,366000000,11.219426155090332,4.959495544433594,4.861620903015137,-11.219426155090332,11.330220222473145,0.024,11.267236709594727,False,817.13
61,372000000,11.306828498840332,4.718977928161621,4.867929458618164,-11.306828498840332,11.41362190246582,0.023899999999999998,11.306828498840332,False,830.56
62,378000000,11.208890914916992,4.880349159240723,4.866936206817627,-11.208890914916992,11.329191207885742,0.023799999999999998,11.306828498840332,False,843.77
63,384000000,11.319550514221191,4.991858959197998,4.856573581695557,-11.319550514221191,11.431910514831543,0.0237,11.319550514221191,False,857.0
64,390000000,11.332709312438965,4.818888187408447,4.863504886627197,-11.332709312438965,11.44626235961914,0.0236,11.332709312438965,False,870.34
65,396000000,11.360817909240723,4.865939617156982,4.872800350189209,-11.360817909240723,11.474785804748535,0.0235,11.360817909240723,False,883.64
66,402000000,11.392577171325684,4.932319641113281,4.866174697875977,-11.392577171325684,11.512528419494629,0.0234,11.392577171325684,False,896.98
67,408000000,11.49472427368164,4.825379848480225,4.86168098449707,-11.49472427368164,11.606437683105469,0.023299999999999998,11.49472427368164,False,910.25
68,414000000,11.55764102935791,4.804919719696045,4.850822925567627,-11.55764102935791,11.685783386230469,0.0232,11.55764102935791,False,924.17
69,420000000,11.623125076293945,4.845007419586182,4.861548900604248,-11.623125076293945,11.73837947845459,0.0231,11.623125076293945,False,937.43
70,426000000,11.534542083740234,4.72128438949585,4.858712196350098,-11.534542083740234,11.655403137207031,0.022999999999999996,11.623125076293945,False,950.88
71,432000000,11.772528648376465,4.783925533294678,4.873510837554932,-11.772528648376465,11.886363983154297,0.022899999999999997,11.772528648376465,False,964.22
72,438000000,11.757373809814453,4.872509002685547,4.855869293212891,-11.757373809814453,11.879844665527344,0.0228,11.772528648376465,False,977.63
73,444000000,11.680164337158203,4.764866828918457,4.874578952789307,-11.680164337158203,11.8007173538208,0.022699999999999998,11.772528648376465,False,990.91
74,450000000,11.846006393432617,4.9076948165893555,4.871920108795166,-11.846006393432617,11.979801177978516,0.0226,11.846006393432617,False,1004.16
75,456000000,11.741087913513184,4.751789569854736,4.8618597984313965,-11.741087913513184,11.861326217651367,0.0225,11.846006393432617,False,1017.46
76,462000000,11.704365730285645,4.756388187408447,4.872016906738281,-11.704365730285645,11.823738098144531,0.022399999999999996,11.846006393432617,False,1030.78
77,468000000,12.011496543884277,4.825346946716309,4.865113735198975,-12.011496543884277,12.139394760131836,0.0223,12.011496543884277,False,1044.38
78,474000000,11.911635398864746,4.725729465484619,4.864870548248291,-11.911635398864746,12.039326667785645,0.022199999999999998,12.011496543884277,False,1057.55
79,480000000,11.896105766296387,4.783398628234863,4.869748115539551,-11.896105766296387,12.022851943969727,0.0221,12.011496543884277,False,1071.03
80,486000000,11.830876350402832,4.715142726898193,4.855843544006348,-11.830876350402832,11.9527587890625,0.022000000000000002,12.011496543884277,False,1084.21
81,492000000,11.868623733520508,4.7121076583862305,4.8597412109375,-11.868623733520508,12.002971649169922,0.0219,12.011496543884277,False,1097.69
82,498000000,12.138799667358398,4.567094326019287,4.887748718261719,-12.138799667358398,12.276755332946777,0.0218,12.138799667358398,False,1110.87
83,504000000,12.176709175109863,4.7043304443359375,4.876959800720215,-12.176709175109863,12.30453872680664,0.0217,12.176709175109863,False,1124.16
84,510000000,12.0756254196167,4.781414985656738,4.857105255126953,-12.0756254196167,12.20826244354248,0.021599999999999998,12.176709175109863,False,1137.64
85,516000000,11.964455604553223,4.652802467346191,4.86564302444458,-11.964455604553223,12.102648735046387,0.0215,12.176709175109863,False,1150.83
86,522000000,12.224603652954102,4.568573474884033,4.876729965209961,-12.224603652954102,12.35165023803711,0.0214,12.224603652954102,False,1164.23
87,528000000,12.203665733337402,4.645610332489014,4.866468906402588,-12.203665733337402,12.341235160827637,0.0213,12.224603652954102,False,1177.6
88,534000000,12.195777893066406,4.7367262840271,4.873491287231445,-12.195777893066406,12.338067054748535,0.0212,12.224603652954102,False,1191.06
89,540000000,12.324080467224121,4.840760707855225,4.857911109924316,-12.324080467224121,12.457969665527344,0.0211,12.324080467224121,False,1204.36
90,546000000,12.085258483886719,4.588833808898926,4.850170612335205,-12.085258483886719,12.226470947265625,0.020999999999999998,12.324080467224121,False,1217.62
91,552000000,12.402247428894043,4.674874782562256,4.876692295074463,-12.402247428894043,12.545825004577637,0.0209,12.402247428894043,False,1230.85
92,558000000,12.397252082824707,4.6058669090271,4.8689374923706055,-12.397252082824707,12.533644676208496,0.0208,12.402247428894043,False,1244.2
93,564000000,12.374726295471191,4.590702056884766,4.876828670501709,-12.374726295471191,12.508469581604004,0.020699999999999996,12.402247428894043,False,1257.43
94,570000000,12.446489334106445,4.53515100479126,4.874209880828857,-12.446489334106445,12.586705207824707,0.0206,12.446489334106445,False,1270.75
95,576000000,12.6217622756958,4.584896087646484,4.8754682540893555,-12.6217622756958,12.767341613769531,0.0205,12.6217622756958,False,1284.16
96,582000000,12.444023132324219,4.559500694274902,4.878042697906494,-12.444023132324219,12.591781616210938,0.020399999999999998,12.6217622756958,False,1297.33
97,588000000,12.471592903137207,4.485456943511963,4.847201824188232,-12.471592903137207,12.616701126098633,0.020300000000000002,12.6217622756958,False,1310.63
98,594000000,12.700188636779785,4.5150346755981445,4.878993034362793,-12.700188636779785,12.84583854675293,0.0202,12.700188636779785,False,1323.94
99,600000000,12.679472923278809,4.637740135192871,4.869119644165039,-12.679472923278809,12.825916290283203,0.020099999999999996,12.700188636779785,False,1337.21
100,606000000,12.778878211975098,4.536491394042969,4.8707404136657715,-12.778878211975098,12.92435359954834,0.02,12.778878211975098,False,1350.64
101,612000000,12.752955436706543,4.537723541259766,4.863938331604004,-12.752955436706543,12.895330429077148,0.019899999999999998,12.778878211975098,False,1363.82
102,618000000,12.882225036621094,4.596550941467285,4.872475624084473,-12.882225036621094,13.036492347717285,0.019799999999999998,12.882225036621094,False,1377.26
103,624000000,12.71292495727539,4.647636890411377,4.836478233337402,-12.71292495727539,12.862320899963379,0.019700000000000002,12.882225036621094,False,1390.55
104,630000000,12.825244903564453,4.605374813079834,4.879201412200928,-12.825244903564453,12.977078437805176,0.0196,12.882225036621094,False,1403.85
105,636000000,12.938498497009277,4.619986057281494,4.861452579498291,-12.938498497009277,13.091723442077637,0.0195,12.938498497009277,False,1417.21
106,642000000,12.915528297424316,4.622076988220215,4.874378204345703,-12.915528297424316,13.073230743408203,0.0194,12.938498497009277,False,1430.47
107,648000000,12.965188026428223,4.551490783691406,4.887578964233398,-12.965188026428223,13.125572204589844,0.019299999999999998,12.965188026428223,False,1443.85
108,654000000,12.889242172241211,4.692831993103027,4.872040271759033,-12.889242172241211,13.059043884277344,0.0192,12.965188026428223,False,1457.02
109,660000000,13.138692855834961,4.665434837341309,4.862786293029785,-13.138692855834961,13.310897827148438,0.019100000000000002,13.138692855834961,False,1470.24
110,666000000,13.042291641235352,4.494732856750488,4.880416393280029,-13.042291641235352,13.212929725646973,0.019,13.138692855834961,False,1483.62
111,672000000,13.067473411560059,4.5057854652404785,4.883006572723389,-13.067473411560059,13.238873481750488,0.0189,13.138692855834961,False,1497.23
112,678000000,13.091119766235352,4.56495475769043,4.88222074508667,-13.091119766235352,13.271479606628418,0.0188,13.138692855834961,False,1510.31
113,684000000,13.317259788513184,4.604847431182861,4.8952202796936035,-13.317259788513184,13.486344337463379,0.018699999999999998,13.317259788513184,False,1523.79
114,690000000,13.300766944885254,4.628872871398926,4.870469093322754,-13.300766944885254,13.476977348327637,0.0186,13.317259788513184,False,1536.84
115,696000000,13.30848503112793,4.600779056549072,4.87283182144165,-13.30848503112793,13.474567413330078,0.0185,13.317259788513184,False,1550.1
116,702000000,13.5257568359375,4.505059242248535,4.899098873138428,-13.5257568359375,13.706645965576172,0.018399999999999996,13.5257568359375,False,1563.07
117,708000000,13.439762115478516,4.533056259155273,4.878601551055908,-13.439762115478516,13.620705604553223,0.0183,13.5257568359375,False,1576.04
118,714000000,13.35842227935791,4.515743255615234,4.873419284820557,-13.35842227935791,13.536417961120605,0.0182,13.5257568359375,False,1589.41
119,720000000,13.632296562194824,4.69039249420166,4.873393535614014,-13.632296562194824,13.807646751403809,0.018099999999999998,13.632296562194824,False,1602.48
120,726000000,13.635404586791992,4.585775852203369,4.908809185028076,-13.635404586791992,13.822430610656738,0.018,13.635404586791992,False,1615.81
121,732000000,13.708512306213379,4.556428909301758,4.892053127288818,-13.708512306213379,13.893754959106445,0.0179,13.708512306213379,False,1628.55
122,738000000,13.505401611328125,4.585939407348633,4.87087345123291,-13.505401611328125,13.697361946105957,0.017799999999999996,13.708512306213379,False,1641.5
123,744000000,13.830694198608398,4.572138786315918,4.880906105041504,-13.830694198608398,14.017480850219727,0.0177,13.830694198608398,False,1654.57
124,750000000,13.866983413696289,4.516260623931885,4.885923385620117,-13.866983413696289,14.07711410522461,0.0176,13.866983413696289,False,1667.46
125,756000000,13.845189094543457,4.503555774688721,4.8990983963012695,-13.845189094543457,14.052358627319336,0.017499999999999998,13.866983413696289,False,1680.53
126,762000000,13.791061401367188,4.632482051849365,4.8789472579956055,-13.791061401367188,13.984678268432617,0.017400000000000002,13.866983413696289,False,1693.64
127,768000000,14.14951229095459,4.805915832519531,4.9141669273376465,-14.14951229095459,14.337981224060059,0.0173,14.14951229095459,False,1706.94
128,774000000,14.096272468566895,4.640926361083984,4.896080017089844,-14.096272468566895,14.290907859802246,0.017199999999999997,14.14951229095459,False,1720.24
129,780000000,14.135234832763672,4.767920970916748,4.888978481292725,-14.135234832763672,14.3306884765625,0.0171,14.14951229095459,False,1733.51
130,786000000,14.353453636169434,4.745202541351318,4.925479412078857,-14.353453636169434,14.550085067749023,0.016999999999999998,14.353453636169434,False,1746.61
131,792000000,14.258853912353516,4.741761207580566,4.892666339874268,-14.258853912353516,14.464479446411133,0.0169,14.353453636169434,False,1760.03
132,798000000,14.163223266601562,4.7100749015808105,4.902700424194336,-14.163223266601562,14.368783950805664,0.016800000000000002,14.353453636169434,False,1773.25
133,804000000,14.401338577270508,4.761959552764893,4.913231372833252,-14.401338577270508,14.622430801391602,0.0167,14.401338577270508,False,1786.56
134,810000000,14.477910995483398,4.792030334472656,4.915588855743408,-14.477910995483398,14.694472312927246,0.0166,14.477910995483398,False,1799.79
135,816000000,14.485221862792969,4.72495698928833,4.908629894256592,-14.485221862792969,14.69689655303955,0.0165,14.485221862792969,False,1812.99
136,822000000,14.76651382446289,4.833973407745361,4.92523193359375,-14.76651382446289,14.994071006774902,0.016399999999999998,14.76651382446289,False,1826.31
137,828000000,14.736594200134277,4.842902660369873,4.962040424346924,-14.736594200134277,14.961080551147461,0.0163,14.76651382446289,False,1839.51
138,834000000,14.880335807800293,4.778029441833496,4.9376935958862305,-14.880335807800293,15.098078727722168,0.0162,14.880335807800293,False,1852.92
139,840000000,14.933399200439453,4.865140914916992,4.939062595367432,-14.933399200439453,15.153746604919434,0.0161,14.933399200439453,False,1866.22
140,846000000,14.679945945739746,4.806589126586914,4.926480770111084,-14.679945945739746,14.90047550201416,0.016,14.933399200439453,False,1879.44
141,852000000,15.442340850830078,4.88969087600708,4.942352771759033,-15.442340850830078,15.687047958374023,0.0159,15.442340850830078,False,1892.87
142,858000000,15.267865180969238,4.956722259521484,4.963685035705566,-15.267865180969238,15.512022018432617,0.015799999999999998,15.442340850830078,False,1906.28
143,864000000,15.303343772888184,5.074305534362793,4.946281909942627,-15.303343772888184,15.526243209838867,0.0157,15.442340850830078,False,1919.48
144,870000000,15.350162506103516,4.93651008605957,5.005338668823242,-15.350162506103516,15.577878952026367,0.0156,15.442340850830078,False,1932.66
145,876000000,15.282928466796875,5.0199666023254395,4.959391117095947,-15.282928466796875,15.526450157165527,0.015499999999999998,15.442340850830078,False,1945.92
146,882000000,15.467560768127441,5.000983715057373,4.9822797775268555,-15.467560768127441,15.699337005615234,0.015399999999999999,15.467560768127441,False,1959.14
147,888000000,15.559867858886719,4.924685478210449,4.969557762145996,-15.559867858886719,15.81692886352539,0.0153,15.559867858886719,False,1972.34
148,894000000,15.693726539611816,5.087652683258057,4.961038112640381,-15.693726539611816,15.947772026062012,0.015199999999999998,15.693726539611816,False,1985.52
149,900000000,15.778267860412598,5.076547622680664,4.981235027313232,-15.778267860412598,16.041133880615234,0.015100000000000002,15.778267860412598,False,1998.9
150,906000000,15.902809143066406,5.099113464355469,4.989687442779541,-15.902809143066406,16.162900924682617,0.015,15.902809143066406,False,2012.19
151,912000000,15.964193344116211,4.930666446685791,5.005385875701904,-15.964193344116211,16.23713493347168,0.0149,15.964193344116211,False,2025.27
152,918000000,16.02096176147461,5.332490921020508,5.004122734069824,-16.02096176147461,16.29766082763672,0.014799999999999999,16.02096176147461,False,2038.51
153,924000000,15.992757797241211,5.072759628295898,5.008816719055176,-15.992757797241211,16.249019622802734,0.0147,16.02096176147461,False,2051.66
154,930000000,16.224462509155273,5.113546371459961,5.031838417053223,-16.224462509155273,16.48390769958496,0.0146,16.224462509155273,False,2065.06
155,936000000,16.12862205505371,5.175865650177002,5.058928489685059,-16.12862205505371,16.40138816833496,0.014499999999999997,16.224462509155273,False,2078.26
156,942000000,16.43679428100586,5.280427932739258,5.032144546508789,-16.43679428100586,16.726964950561523,0.0144,16.43679428100586,False,2091.57
157,948000000,16.690019607543945,5.1830854415893555,5.053830146789551,-16.690019607543945,16.95545768737793,0.0143,16.690019607543945,False,2104.88
158,954000000,16.614763259887695,5.2808709144592285,4.9861884117126465,-16.614763259887695,16.89638328552246,0.0142,16.690019607543945,False,2118.11
159,960000000,16.6749267578125,5.3160400390625,5.060299873352051,-16.6749267578125,16.969173431396484,0.014099999999999998,16.690019607543945,False,2131.28
160,966000000,16.95607566833496,5.256679058074951,5.0807390213012695,-16.95607566833496,17.251218795776367,0.014,16.95607566833496,False,2144.64
161,972000000,17.12016487121582,5.435764789581299,5.074549198150635,-17.12016487121582,17.424259185791016,0.013900000000000001,17.12016487121582,False,2157.83
162,978000000,17.059986114501953,5.320601463317871,5.13087272644043,-17.059986114501953,17.36884880065918,0.013799999999999998,17.12016487121582,False,2171.2
163,984000000,17.278005599975586,5.492769241333008,5.142083168029785,-17.278005599975586,17.579044342041016,0.013699999999999999,17.278005599975586,False,2184.66
164,990000000,17.222875595092773,5.28972053527832,5.135209083557129,-17.222875595092773,17.531618118286133,0.013600000000000001,17.278005599975586,False,2197.88
165,996000000,17.475778579711914,5.324697494506836,5.131555557250977,-17.475778579711914,17.79604721069336,0.013499999999999998,17.475778579711914,False,2211.36
166,1002000000,17.60369300842285,5.402431011199951,5.163222312927246,-17.60369300842285,17.919301986694336,0.013399999999999999,17.60369300842285,False,2224.51
167,1008000000,17.74030113220215,5.388192653656006,5.182523727416992,-17.74030113220215,18.054162979125977,0.013300000000000001,17.74030113220215,False,2238.04
168,1014000000,17.95673179626465,5.484259605407715,5.143901824951172,-17.95673179626465,18.29412269592285,0.013199999999999998,17.95673179626465,False,2251.26
169,1020000000,18.03605842590332,5.543891906738281,5.176113605499268,-18.03605842590332,18.367151260375977,0.013099999999999999,18.03605842590332,False,2264.56
170,1026000000,18.354488372802734,5.582650661468506,5.262592792510986,-18.354488372802734,18.671838760375977,0.013,18.354488372802734,False,2277.85
171,1032000000,18.020389556884766,5.50720739364624,5.181874752044678,-18.020389556884766,18.35787582397461,0.012900000000000002,18.354488372802734,False,2291.07
172,1038000000,18.50022315979004,5.647489547729492,5.271689414978027,-18.50022315979004,18.860074996948242,0.012799999999999999,18.50022315979004,False,2304.69
173,1044000000,18.691213607788086,5.523709774017334,5.260055065155029,-18.691213607788086,19.014528274536133,0.0127,18.691213607788086,False,2318.25
174,1050000000,18.65936279296875,5.51630973815918,5.3202972412109375,-18.65936279296875,19.022140502929688,0.0126,18.691213607788086,False,2331.5
175,1056000000,18.98328971862793,5.6349568367004395,5.31954288482666,-18.98328971862793,19.35212516784668,0.012499999999999999,18.98328971862793,False,2344.96
176,1062000000,19.042821884155273,5.779897212982178,5.303869247436523,-19.042821884155273,19.431447982788086,0.0124,19.042821884155273,False,2358.22
177,1068000000,19.217437744140625,5.583732604980469,5.444828987121582,-19.217437744140625,19.611045837402344,0.0123,19.217437744140625,False,2371.4
178,1074000000,19.147233963012695,5.540336608886719,5.423390865325928,-19.147233963012695,19.530611038208008,0.012199999999999997,19.217437744140625,False,2384.85
179,1080000000,19.64832878112793,5.705888748168945,5.522778511047363,-19.64832878112793,20.03746223449707,0.0121,19.64832878112793,False,2398.16
180,1086000000,19.565540313720703,5.712104320526123,5.387446403503418,-19.565540313720703,19.982473373413086,0.012,19.64832878112793,False,2411.65
181,1092000000,19.59518051147461,5.617544651031494,5.532852649688721,-19.59518051147461,19.97488784790039,0.011899999999999997,19.64832878112793,False,2425.34
182,1098000000,19.80451202392578,5.703389644622803,5.520829200744629,-19.80451202392578,20.21645164489746,0.0118,19.80451202392578,False,2438.68
183,1104000000,20.009204864501953,5.830529689788818,5.497201442718506,-20.009204864501953,20.42555809020996,0.0117,20.009204864501953,False,2452.09
184,1110000000,20.42131996154785,5.805810928344727,5.505462646484375,-20.42131996154785,20.82506561279297,0.011600000000000001,20.42131996154785,False,2465.44
185,1116000000,20.676301956176758,6.168439865112305,5.568245887756348,-20.676301956176758,21.119482040405273,0.011499999999999998,20.676301956176758,False,2478.76
186,1122000000,20.69886016845703,5.873164653778076,5.611104488372803,-20.69886016845703,21.136119842529297,0.0114,20.69886016845703,False,2492.0
187,1128000000,20.835430145263672,5.97472620010376,5.581976413726807,-20.835430145263672,21.28667640686035,0.011300000000000001,20.835430145263672,False,2505.19
188,1134000000,20.910045623779297,5.936870574951172,5.706515312194824,-20.910045623779297,21.366832733154297,0.011199999999999998,20.910045623779297,False,2518.69
189,1140000000,21.047760009765625,6.026870250701904,5.8249592781066895,-21.047760009765625,21.523334503173828,0.011099999999999999,21.047760009765625,False,2532.08
190,1146000000,21.32870864868164,6.172386646270752,5.869336128234863,-21.32870864868164,21.779630661010742,0.011000000000000001,21.32870864868164,False,2545.44
191,1152000000,21.274131774902344,6.085005283355713,5.8440022468566895,-21.274131774902344,21.760969161987305,0.010899999999999998,21.32870864868164,False,2558.91
192,1158000000,21.624168395996094,6.209006309509277,5.732803821563721,-21.624168395996094,22.12823486328125,0.010799999999999999,21.624168395996094,False,2572.44
193,1164000000,21.815105438232422,6.159606456756592,6.006337642669678,-21.815105438232422,22.310222625732422,0.0107,21.815105438232422,False,2585.72
194,1170000000,22.185426712036133,6.161005020141602,5.853659152984619,-22.185426712036133,22.704599380493164,0.010600000000000002,22.185426712036133,False,2598.99
195,1176000000,22.0170841217041,6.223623752593994,6.052812099456787,-22.0170841217041,22.519418716430664,0.010499999999999999,22.185426712036133,False,2612.2
196,1182000000,22.30799102783203,6.081587314605713,6.115887641906738,-22.30799102783203,22.842500686645508,0.0104,22.30799102783203,False,2625.42
197,1188000000,22.55872917175293,6.385509014129639,5.95206356048584,-22.55872917175293,23.10191535949707,0.010300000000000002,22.55872917175293,False,2638.53
198,1194000000,22.76627540588379,6.388062477111816,5.888675212860107,-22.76627540588379,23.32895278930664,0.010199999999999999,22.76627540588379,False,2651.86
199,1200000000,22.932180404663086,6.3184309005737305,6.1186370849609375,-22.932180404663086,23.511547088623047,0.0101,22.932180404663086,False,2665.15
200,1206000000,22.885604858398438,6.36352014541626,6.170190334320068,-22.885604858398438,23.46038055419922,0.01,22.932180404663086,False,2678.17
201,1212000000,23.311555862426758,6.278445720672607,6.230694770812988,-23.311555862426758,23.902454376220703,0.009899999999999999,23.311555862426758,False,2691.58
202,1218000000,23.517181396484375,6.474853992462158,6.068057060241699,-23.517181396484375,24.116783142089844,0.0098,23.517181396484375,False,2704.55
203,1224000000,23.749666213989258,6.456740379333496,6.2224626541137695,-23.749666213989258,24.34297752380371,0.0097,23.749666213989258,False,2717.72
204,1230000000,24.09214973449707,6.410624980926514,6.162146091461182,-24.09214973449707,24.69661521911621,0.009599999999999997,24.09214973449707,False,2730.94
205,1236000000,24.318723678588867,6.59011173248291,5.6783576011657715,-24.318723678588867,24.970075607299805,0.0095,24.318723678588867,False,2744.0
206,1242000000,24.19298553466797,6.5095295906066895,6.546504974365234,-24.19298553466797,24.840957641601562,0.0094,24.318723678588867,False,2757.73
207,1248000000,24.228168487548828,6.675345420837402,6.532500743865967,-24.228168487548828,24.911521911621094,0.009300000000000001,24.318723678588867,False,2770.8
208,1254000000,24.94032859802246,6.666349411010742,6.950660705566406,-24.94032859802246,25.619617462158203,0.009199999999999998,24.94032859802246,False,2784.18
209,1260000000,24.859914779663086,6.492831707000732,6.428163528442383,-24.859914779663086,25.537824630737305,0.0091,24.94032859802246,False,2797.53
210,1266000000,24.910192489624023,6.821088790893555,6.541726589202881,-24.910192489624023,25.589529037475586,0.009000000000000001,24.94032859802246,False,2810.59
211,1272000000,25.44077491760254,7.065492630004883,6.865886211395264,-25.44077491760254,26.149873733520508,0.008899999999999998,25.44077491760254,False,2823.67
212,1278000000,25.6254825592041,6.903634548187256,7.191583156585693,-25.6254825592041,26.355182647705078,0.0088,25.6254825592041,False,2837.28
213,1284000000,26.051706314086914,6.8427629470825195,6.857229232788086,-26.051706314086914,26.811899185180664,0.008700000000000001,26.051706314086914,False,2850.17
214,1290000000,25.96063804626465,6.855062484741211,7.086183071136475,-25.96063804626465,26.704490661621094,0.008599999999999998,26.051706314086914,False,2863.69
215,1296000000,26.40066909790039,6.93597412109375,9.507246017456055,-26.40066909790039,27.15414047241211,0.008499999999999999,26.40066909790039,False,2876.62
216,1302000000,26.86231231689453,6.956465244293213,6.966120719909668,-26.86231231689453,27.634469985961914,0.008400000000000001,26.86231231689453,False,2889.84
217,1308000000,26.832738876342773,7.176180839538574,7.254533767700195,-26.832738876342773,27.59430694580078,0.008299999999999998,26.86231231689453,False,2903.09
218,1314000000,27.041547775268555,7.2760467529296875,7.536007404327393,-27.041547775268555,27.833593368530273,0.008199999999999999,27.041547775268555,False,2916.11
219,1320000000,27.384521484375,7.135422229766846,7.385883331298828,-27.384521484375,28.209941864013672,0.0081,27.384521484375,False,2929.32
220,1326000000,27.42214012145996,7.223137855529785,7.433475017547607,-27.42214012145996,28.238399505615234,0.008000000000000002,27.42214012145996,False,2942.36
221,1332000000,28.05916976928711,7.344702243804932,7.563119888305664,-28.05916976928711,28.907033920288086,0.007899999999999999,28.05916976928711,False,2955.52
222,1338000000,28.08397102355957,7.300045013427734,7.749192714691162,-28.08397102355957,28.932292938232422,0.0078,28.08397102355957,False,2968.77
223,1344000000,28.45606231689453,7.432485103607178,7.61195707321167,-28.45606231689453,29.33138084411621,0.007700000000000001,28.45606231689453,False,2981.92
224,1350000000,28.92935562133789,7.093626976013184,7.009191513061523,-28.92935562133789,29.814361572265625,0.007599999999999999,28.92935562133789,False,2995.05
225,1356000000,29.176029205322266,7.338749408721924,8.18423843383789,-29.176029205322266,30.08636474609375,0.0075,29.176029205322266,False,3008.2
226,1362000000,29.31939125061035,7.546032905578613,8.075387001037598,-29.31939125061035,30.207096099853516,0.0074,29.31939125061035,False,3021.21
227,1368000000,29.9133243560791,7.418726921081543,8.196345329284668,-29.9133243560791,30.842798233032227,0.007299999999999998,29.9133243560791,False,3034.45
228,1374000000,30.115341186523438,7.494292259216309,8.489531517028809,-30.115341186523438,31.035398483276367,0.0072,30.115341186523438,False,3047.38
229,1380000000,30.448129653930664,7.618678092956543,8.890401840209961,-30.448129653930664,31.426198959350586,0.0071,30.448129653930664,False,3060.46
230,1386000000,30.63847541809082,7.721867561340332,8.8295316696167,-30.63847541809082,31.590747833251953,0.006999999999999998,30.63847541809082,False,3073.62
231,1392000000,31.031667709350586,7.657339572906494,6.593439102172852,-31.031667709350586,31.99620819091797,0.006899999999999999,31.031667709350586,False,3086.69
232,1398000000,31.26482582092285,7.822327613830566,9.42684268951416,-31.26482582092285,32.272403717041016,0.0068000000000000005,31.26482582092285,False,3099.74
233,1404000000,31.100887298583984,7.694779396057129,9.485482215881348,-31.100887298583984,32.10960006713867,0.006700000000000001,31.26482582092285,False,3113.13
234,1410000000,31.716230392456055,7.837752342224121,11.265764236450195,-31.716230392456055,32.74458694458008,0.006599999999999999,31.716230392456055,False,3126.45
235,1416000000,31.622278213500977,7.876036643981934,9.912019729614258,-31.622278213500977,32.64807891845703,0.0065,31.716230392456055,False,3139.73
236,1422000000,31.52351951599121,7.900216579437256,10.139967918395996,-31.52351951599121,32.54952621459961,0.006400000000000001,31.716230392456055,False,3152.92
237,1428000000,32.52094650268555,8.047452926635742,9.989245414733887,-32.52094650268555,33.54725646972656,0.006299999999999998,32.52094650268555,False,3166.06
238,1434000000,32.56950759887695,7.915165901184082,9.770792007446289,-32.56950759887695,33.61886215209961,0.0062,32.56950759887695,False,3179.28
239,1440000000,32.95916748046875,7.841994762420654,9.680998802185059,-32.95916748046875,34.03472137451172,0.0061,32.95916748046875,False,3192.52
240,1446000000,33.009883880615234,8.029289245605469,10.461627006530762,-33.009883880615234,34.13627243041992,0.005999999999999998,33.009883880615234,False,3205.75
241,1452000000,33.3178825378418,7.947995662689209,10.088702201843262,-33.3178825378418,34.42268371582031,0.0059,33.3178825378418,False,3218.95
242,1458000000,33.473087310791016,8.073418617248535,9.805506706237793,-33.473087310791016,34.57122039794922,0.0058000000000000005,33.473087310791016,False,3232.17
243,1464000000,33.960079193115234,7.829377174377441,10.020676612854004,-33.960079193115234,35.09945297241211,0.0056999999999999985,33.960079193115234,False,3245.66
244,1470000000,34.52273178100586,7.888486385345459,9.65478515625,-34.52273178100586,35.67746353149414,0.005599999999999999,34.52273178100586,False,3258.84
245,1476000000,34.64309310913086,8.028505325317383,10.165505409240723,-34.64309310913086,35.80441665649414,0.0055000000000000005,34.64309310913086,False,3271.85
246,1482000000,34.707054138183594,8.16321086883545,10.55795669555664,-34.707054138183594,35.85175323486328,0.005400000000000001,34.707054138183594,False,3285.21
247,1488000000,35.3079948425293,7.790392875671387,11.133249282836914,-35.3079948425293,36.48249435424805,0.005299999999999999,35.3079948425293,False,3298.28
248,1494000000,35.582435607910156,8.213665008544922,12.26272964477539,-35.582435607910156,36.776817321777344,0.0052,35.582435607910156,False,3311.41
249,1500000000,35.97898483276367,8.177069664001465,10.980633735656738,-35.97898483276367,37.17243957519531,0.005100000000000001,35.97898483276367,False,3324.68
250,1506000000,35.89462661743164,8.257003784179688,12.839399337768555,-35.89462661743164,37.092716217041016,0.005,35.97898483276367,False,3337.92
251,1512000000,36.30528259277344,8.083626747131348,11.309450149536133,-36.30528259277344,37.5473747253418,0.005,36.30528259277344,False,3351.17
252,1518000000,36.47196960449219,8.367694854736328,11.69569206237793,-36.47196960449219,37.680503845214844,0.005,36.47196960449219,False,3364.32
253,1524000000,36.87920379638672,8.033744812011719,6.4695634841918945,-36.87920379638672,38.114234924316406,0.005,36.87920379638672,False,3377.61
254,1530000000,36.94432830810547,8.193431854248047,13.491203308105469,-36.94432830810547,38.20920944213867,0.005,36.94432830810547,False,3390.79
255,1536000000,37.40453338623047,8.178868293762207,12.590896606445312,-37.40453338623047,38.67597961425781,0.005,37.40453338623047,False,3404.01
256,1542000000,37.53067398071289,8.106005668640137,11.369254112243652,-37.53067398071289,38.7763786315918,0.005,37.53067398071289,False,3417.19
257,1548000000,38.018096923828125,8.074393272399902,11.534578323364258,-38.018096923828125,39.28464889526367,0.005,38.018096923828125,False,3430.35
258,1554000000,38.148929595947266,8.122827529907227,11.244832992553711,-38.148929595947266,39.43646240234375,0.005,38.148929595947266,False,3443.57
259,1560000000,38.43157958984375,8.392876625061035,11.937006950378418,-38.43157958984375,39.73514938354492,0.005,38.43157958984375,False,3456.97
260,1566000000,38.854331970214844,8.214353561401367,39.88007354736328,-38.854331970214844,40.1622314453125,0.005,38.854331970214844,False,3470.16
261,1572000000,39.08956527709961,8.563153266906738,10.914775848388672,-39.08956527709961,40.36029815673828,0.005,39.08956527709961,False,3483.3
262,1578000000,39.20854187011719,8.310967445373535,12.599608421325684,-39.20854187011719,40.48126983642578,0.005,39.20854187011719,False,3496.44
263,1584000000,39.72817611694336,8.497076988220215,15.308723449707031,-39.72817611694336,41.03102493286133,0.005,39.72817611694336,False,3509.45
264,1590000000,40.034568786621094,8.568501472473145,15.007256507873535,-40.034568786621094,41.33960723876953,0.005,40.034568786621094,False,3522.64
265,1596000000,40.029197692871094,8.460410118103027,21.414342880249023,-40.029197692871094,41.33005142211914,0.005,40.034568786621094,False,3535.58
266,1602000000,40.42929458618164,8.800895690917969,12.867987632751465,-40.42929458618164,41.742923736572266,0.005,40.42929458618164,False,3548.89
267,1608000000,40.40279769897461,8.295939445495605,15.84576416015625,-40.40279769897461,41.70285415649414,0.005,40.42929458618164,False,3562.06
268,1614000000,41.32795333862305,8.908754348754883,13.083456993103027,-41.32795333862305,42.57561111450195,0.005,41.32795333862305,False,3574.87
269,1620000000,41.2741813659668,8.843310356140137,14.393527030944824,-41.2741813659668,42.51984786987305,0.005,41.32795333862305,False,3588.18
270,1626000000,41.421417236328125,8.7008695602417,12.707008361816406,-41.421417236328125,42.70276641845703,0.005,41.421417236328125,False,3601.05
271,1632000000,41.775814056396484,8.953250885009766,13.24486255645752,-41.775814056396484,43.106353759765625,0.005,41.775814056396484,False,3614.04
272,1638000000,42.58611297607422,9.244196891784668,14.005682945251465,-42.58611297607422,43.88159942626953,0.005,42.58611297607422,False,3627.11
273,1644000000,42.59197998046875,9.096317291259766,13.707738876342773,-42.59197998046875,43.925392150878906,0.005,42.59197998046875,False,3640.07
274,1650000000,43.17983627319336,9.722764015197754,13.372031211853027,-43.17983627319336,44.51215362548828,0.005,43.17983627319336,False,3653.58
275,1656000000,43.41019058227539,9.852338790893555,14.197464942932129,-43.41019058227539,44.71882247924805,0.005,43.41019058227539,False,3666.5
276,1662000000,43.583065032958984,9.698737144470215,12.942137718200684,-43.583065032958984,44.953125,0.005,43.583065032958984,False,3679.59
277,1668000000,44.213768005371094,10.45365047454834,14.258089065551758,-44.213768005371094,45.583011627197266,0.005,44.213768005371094,False,3692.71
278,1674000000,44.82435989379883,10.45022201538086,18.759281158447266,-44.82435989379883,46.22413635253906,0.005,44.82435989379883,False,3705.74
279,1680000000,44.987152099609375,10.790698051452637,15.258380889892578,-44.987152099609375,46.366573333740234,0.005,44.987152099609375,False,3719.06
280,1686000000,45.23987579345703,11.00943374633789,18.40911865234375,-45.23987579345703,46.714500427246094,0.005,45.23987579345703,False,3732.17
281,1692000000,45.9364013671875,11.007643699645996,18.864395141601562,-45.9364013671875,47.3697509765625,0.005,45.9364013671875,False,3745.54
282,1698000000,46.25865936279297,11.070592880249023,32.187843322753906,-46.25865936279297,47.656166076660156,0.005,46.25865936279297,False,3758.74
283,1704000000,46.212432861328125,11.85904598236084,14.211455345153809,-46.212432861328125,47.63020706176758,0.005,46.25865936279297,False,3771.97
284,1710000000,46.79765701293945,11.790199279785156,15.694716453552246,-46.79765701293945,48.26375198364258,0.005,46.79765701293945,False,3785.04
285,1716000000,47.28520584106445,12.524706840515137,22.97159767150879,-47.28520584106445,48.75416946411133,0.005,47.28520584106445,False,3798.32
286,1722000000,47.04331970214844,12.055702209472656,14.973556518554688,-47.04331970214844,48.466339111328125,0.005,47.28520584106445,False,3811.4
287,1728000000,48.426673889160156,13.269946098327637,14.82711124420166,-48.426673889160156,49.83823776245117,0.005,48.426673889160156,False,3824.84
288,1734000000,48.44647979736328,12.847561836242676,16.217506408691406,-48.44647979736328,49.986087799072266,0.005,48.44647979736328,False,3838.0
289,1740000000,48.75965118408203,13.348786354064941,16.819082260131836,-48.75965118408203,50.332366943359375,0.005,48.75965118408203,False,3851.09
290,1746000000,49.59657287597656,13.60886287689209,38.72537612915039,-49.59657287597656,51.13839340209961,0.005,49.59657287597656,False,3864.29
291,1752000000,50.24251174926758,14.268896102905273,20.59784698486328,-50.24251174926758,51.79789352416992,0.005,50.24251174926758,False,3877.36
292,1758000000,49.98202896118164,13.697062492370605,16.460689544677734,-49.98202896118164,51.50722122192383,0.005,50.24251174926758,False,3890.64
293,1764000000,50.15121078491211,13.99584674835205,13.731413841247559,-50.15121078491211,51.710330963134766,0.005,50.24251174926758,False,3903.83
294,1770000000,50.80083465576172,14.471863746643066,68.38873291015625,-50.80083465576172,52.457454681396484,0.005,50.80083465576172,False,3917.06
295,1776000000,52.18651580810547,15.251214981079102,29.979717254638672,-52.18651580810547,53.84878921508789,0.005,52.18651580810547,False,3930.34
296,1782000000,51.614830017089844,14.951309204101562,24.048954010009766,-51.614830017089844,53.21563720703125,0.005,52.18651580810547,False,3943.52
297,1788000000,52.24787902832031,15.114960670471191,23.295307159423828,-52.24787902832031,53.8541374206543,0.005,52.24787902832031,False,3956.73
298,1794000000,52.64569091796875,15.524187088012695,14.723366737365723,-52.64569091796875,54.30745315551758,0.005,52.64569091796875,False,3969.95
299,1800000000,52.78104782104492,15.367382049560547,16.58351707458496,-52.78104782104492,54.317665100097656,0.005,52.78104782104492,False,3983.39
